authors;title;publication_year;approach;approach_detail;downscaling _scale;location_name;control_variable;variable_description;variable_extra_description;response variable;response ecosystem;global_limit_ considered;year;boundary_percapita;territorial_boundary;footprint_percapita;territorial_footprint;overshoot;calculation_resolution;data_reference;social-policy involved;Observations
"Røkås T.; Gómez-Baggethun E.";Defining a safe and just operating space for the Norwegian economy;2025;bottom-up;bottom-up;country;norway;Total N levels in aquatic ecosystems;;Aggregated total of freshwater lakes and coastal waters in worse than “good condition”, divided by the total amount of freshwater lakes and coastal waters in Norway where Total N has been assessed;;;;2021;;100.0 %;;76.7 %;;;Vann-Nett portal (https://vann-nett-klient.miljodirektoratet.no/waterbodies/map);;
"O'Neill D.W.; Fanning A.L.; Lamb W.F.; Steinberger J.K.";A good life for all within planetary boundaries;2018;top down;equal share per capita;country;Afghanistan;nitrogen;Consumption-based allocation of nitrogen from applied fertilizer;;;;62 TgN/yr;;8.9 kgN;;1.16 kgN/cap;;0,13;;World Development Indicators | DataBank;;
"O'Neill D.W.; Fanning A.L.; Lamb W.F.; Steinberger J.K.";A good life for all within planetary boundaries;2018;top down;equal share per capita;country;Albania;nitrogen;Consumption-based allocation of nitrogen from applied fertilizer;;;;62 TgN/yr;;8.9 kgN/yr;;27.59 kgN/cap;;3.10;;;;
"O'Neill D.W.; Fanning A.L.; Lamb W.F.; Steinberger J.K.";A good life for all within planetary boundaries;2018;top down;equal share per capita;country;Algeria;nitrogen;Consumption-based allocation of nitrogen from applied fertilizer;;;;62 TgN/yr;;8.9 kgN/yr;;2.49 kgN/cap;;0.28;;;;
"O'Neill D.W.; Fanning A.L.; Lamb W.F.; Steinberger J.K.";A good life for all within planetary boundaries;2018;top down;equal share per capita;country;Angola;nitrogen;Consumption-based allocation of nitrogen from applied fertilizer;;;;62 TgN/yr;;8.9 kgN/yr;;1.69 kgN/cap;;0.19;;;;
"O'Neill D.W.; Fanning A.L.; Lamb W.F.; Steinberger J.K.";A good life for all within planetary boundaries;2018;top down;equal share per capita;country;Argentina;nitrogen;Consumption-based allocation of nitrogen from applied fertilizer;;;;62 TgN/yr;;8.9 kgN/yr;;9.97 kgN/cap;;1.12;;;;
"O'Neill D.W.; Fanning A.L.; Lamb W.F.; Steinberger J.K.";A good life for all within planetary boundaries;2018;top down;equal share per capita;country;Armenia;nitrogen;Consumption-based allocation of nitrogen from applied fertilizer;;;;62 TgN/yr;;8.9 kgN/yr;;25.28 kgN/cap;;2.84;;;;
"O'Neill D.W.; Fanning A.L.; Lamb W.F.; Steinberger J.K.";A good life for all within planetary boundaries;2018;top down;equal share per capita;country;Australia;nitrogen;Consumption-based allocation of nitrogen from applied fertilizer;;;;62 TgN/yr;;8.9 kgN/yr;;49.31 kgN/cap;;5.54;;;;
"O'Neill D.W.; Fanning A.L.; Lamb W.F.; Steinberger J.K.";A good life for all within planetary boundaries;2018;top down;equal share per capita;country;Austria;nitrogen;Consumption-based allocation of nitrogen from applied fertilizer;;;;62 TgN/yr;;8.9 kgN/yr;;70.31 kgN/cap;;7.90;;;;
"O'Neill D.W.; Fanning A.L.; Lamb W.F.; Steinberger J.K.";A good life for all within planetary boundaries;2018;top down;equal share per capita;country;Azerbaijan;nitrogen;Consumption-based allocation of nitrogen from applied fertilizer;;;;62 TgN/yr;;8.9 kgN/yr;;11.04 kgN/cap;;1.24;;;;
"O'Neill D.W.; Fanning A.L.; Lamb W.F.; Steinberger J.K.";A good life for all within planetary boundaries;2018;top down;equal share per capita;country;Bahrain;nitrogen;Consumption-based allocation of nitrogen from applied fertilizer;;;;62 TgN/yr;;8.9 kgN/yr;;15.04 kgN/cap;;1.69;;;;
"O'Neill D.W.; Fanning A.L.; Lamb W.F.; Steinberger J.K.";A good life for all within planetary boundaries;2018;top down;equal share per capita;country;Bangladesh;nitrogen;Consumption-based allocation of nitrogen from applied fertilizer;;;;62 TgN/yr;;8.9 kgN/yr;;3.83 kgN/cap;;0.43;;;;
"O'Neill D.W.; Fanning A.L.; Lamb W.F.; Steinberger J.K.";A good life for all within planetary boundaries;2018;top down;equal share per capita;country;Belarus;nitrogen;Consumption-based allocation of nitrogen from applied fertilizer;;;;62 TgN/yr;;8.9 kgN/yr;;NA;;;;;;
"O'Neill D.W.; Fanning A.L.; Lamb W.F.; Steinberger J.K.";A good life for all within planetary boundaries;2018;top down;equal share per capita;country;Belgium;nitrogen;Consumption-based allocation of nitrogen from applied fertilizer;;;;62 TgN/yr;;8.9 kgN/yr;;47.17 kgN/cap;;5.30;;;;
"O'Neill D.W.; Fanning A.L.; Lamb W.F.; Steinberger J.K.";A good life for all within planetary boundaries;2018;top down;equal share per capita;country;Benin;nitrogen;Consumption-based allocation of nitrogen from applied fertilizer;;;;62 TgN/yr;;8.9 kgN/yr;;1.87 kgN/cap;;0.21;;;;
"O'Neill D.W.; Fanning A.L.; Lamb W.F.; Steinberger J.K.";A good life for all within planetary boundaries;2018;top down;equal share per capita;country;Bolivia;nitrogen;Consumption-based allocation of nitrogen from applied fertilizer;;;;62 TgN/yr;;8.9 kgN/yr;;3.2 kgN/cap;;0.36;;;;
"O'Neill D.W.; Fanning A.L.; Lamb W.F.; Steinberger J.K.";A good life for all within planetary boundaries;2018;top down;equal share per capita;country;Bosnia and Herzegovina;nitrogen;Consumption-based allocation of nitrogen from applied fertilizer;;;;62 TgN/yr;;8.9 kgN/yr;;23.14 kgN/cap;;2.60;;;;
"O'Neill D.W.; Fanning A.L.; Lamb W.F.; Steinberger J.K.";A good life for all within planetary boundaries;2018;top down;equal share per capita;country;Botswana;nitrogen;Consumption-based allocation of nitrogen from applied fertilizer;;;;62 TgN/yr;;8.9 kgN/yr;;17.27 kgN/cap;;1.94;;;;
"O'Neill D.W.; Fanning A.L.; Lamb W.F.; Steinberger J.K.";A good life for all within planetary boundaries;2018;top down;equal share per capita;country;Brazil;nitrogen;Consumption-based allocation of nitrogen from applied fertilizer;;;;62 TgN/yr;;8.9 kgN/yr;;9.88 kgN/cap;;1.11;;;;
"O'Neill D.W.; Fanning A.L.; Lamb W.F.; Steinberger J.K.";A good life for all within planetary boundaries;2018;top down;equal share per capita;country;Bulgaria;nitrogen;Consumption-based allocation of nitrogen from applied fertilizer;;;;62 TgN/yr;;8.9 kgN/yr;;12.46 kgN/cap;;1.40;;;;
"O'Neill D.W.; Fanning A.L.; Lamb W.F.; Steinberger J.K.";A good life for all within planetary boundaries;2018;top down;equal share per capita;country;Burkina Faso;nitrogen;Consumption-based allocation of nitrogen from applied fertilizer;;;;62 TgN/yr;;8.9 kgN/yr;;3.65 kgN/cap;;0.41;;;;
"O'Neill D.W.; Fanning A.L.; Lamb W.F.; Steinberger J.K.";A good life for all within planetary boundaries;2018;top down;equal share per capita;country;Burundi;nitrogen;Consumption-based allocation of nitrogen from applied fertilizer;;;;62 TgN/yr;;8.9 kgN/yr;;1.6 kgN/cap;;0.18;;;;
"O'Neill D.W.; Fanning A.L.; Lamb W.F.; Steinberger J.K.";A good life for all within planetary boundaries;2018;top down;equal share per capita;country;Cambodia;nitrogen;Consumption-based allocation of nitrogen from applied fertilizer;;;;62 TgN/yr;;8.9 kgN/yr;;3.92 kgN/cap;;0.44;;;;
"O'Neill D.W.; Fanning A.L.; Lamb W.F.; Steinberger J.K.";A good life for all within planetary boundaries;2018;top down;equal share per capita;country;Cameroon;nitrogen;Consumption-based allocation of nitrogen from applied fertilizer;;;;62 TgN/yr;;8.9 kgN/yr;;0.98 kgN/cap;;0.11;;;;
"O'Neill D.W.; Fanning A.L.; Lamb W.F.; Steinberger J.K.";A good life for all within planetary boundaries;2018;top down;equal share per capita;country;Canada;nitrogen;Consumption-based allocation of nitrogen from applied fertilizer;;;;62 TgN/yr;;8.9 kgN/yr;;134.92 kgN/cap;;15.16;;;;
"O'Neill D.W.; Fanning A.L.; Lamb W.F.; Steinberger J.K.";A good life for all within planetary boundaries;2018;top down;equal share per capita;country;Central African Republic;nitrogen;Consumption-based allocation of nitrogen from applied fertilizer;;;;62 TgN/yr;;8.9 kgN/yr;;1.87 kgN/cap;;0.21;;;;
"O'Neill D.W.; Fanning A.L.; Lamb W.F.; Steinberger J.K.";A good life for all within planetary boundaries;2018;top down;equal share per capita;country;Chad;nitrogen;Consumption-based allocation of nitrogen from applied fertilizer;;;;62 TgN/yr;;8.9 kgN/yr;;1.07 kgN/cap;;0.12;;;;
"O'Neill D.W.; Fanning A.L.; Lamb W.F.; Steinberger J.K.";A good life for all within planetary boundaries;2018;top down;equal share per capita;country;Chile;nitrogen;Consumption-based allocation of nitrogen from applied fertilizer;;;;62 TgN/yr;;8.9 kgN/yr;;15.49 kgN/cap;;1.74;;;;
"O'Neill D.W.; Fanning A.L.; Lamb W.F.; Steinberger J.K.";A good life for all within planetary boundaries;2018;top down;equal share per capita;country;China;nitrogen;Consumption-based allocation of nitrogen from applied fertilizer;;;;62 TgN/yr;;8.9 kgN/yr;;25.72 kgN/cap;;2.89;;;;
"O'Neill D.W.; Fanning A.L.; Lamb W.F.; Steinberger J.K.";A good life for all within planetary boundaries;2018;top down;equal share per capita;country;Colombia;nitrogen;Consumption-based allocation of nitrogen from applied fertilizer;;;;62 TgN/yr;;8.9 kgN/yr;;7.12 kgN/cap;;0.80;;;;
"O'Neill D.W.; Fanning A.L.; Lamb W.F.; Steinberger J.K.";A good life for all within planetary boundaries;2018;top down;equal share per capita;country;Congo;nitrogen;Consumption-based allocation of nitrogen from applied fertilizer;;;;62 TgN/yr;;8.9 kgN/yr;;3.47 kgN/cap;;0.39;;;;
"O'Neill D.W.; Fanning A.L.; Lamb W.F.; Steinberger J.K.";A good life for all within planetary boundaries;2018;top down;equal share per capita;country;Costa Rica;nitrogen;Consumption-based allocation of nitrogen from applied fertilizer;;;;62 TgN/yr;;8.9 kgN/yr;;10.15 kgN/cap;;1.14;;;;
"O'Neill D.W.; Fanning A.L.; Lamb W.F.; Steinberger J.K.";A good life for all within planetary boundaries;2018;top down;equal share per capita;country;Côte d'Ivoire;nitrogen;Consumption-based allocation of nitrogen from applied fertilizer;;;;62 TgN/yr;;8.9 kgN/yr;;0.62 kgN/cap;;0.07;;;;
"O'Neill D.W.; Fanning A.L.; Lamb W.F.; Steinberger J.K.";A good life for all within planetary boundaries;2018;top down;equal share per capita;country;Croatia;nitrogen;Consumption-based allocation of nitrogen from applied fertilizer;;;;62 TgN/yr;;8.9 kgN/yr;;43.16 kgN/cap;;4.85;;;;
"O'Neill D.W.; Fanning A.L.; Lamb W.F.; Steinberger J.K.";A good life for all within planetary boundaries;2018;top down;equal share per capita;country;Cuba;nitrogen;Consumption-based allocation of nitrogen from applied fertilizer;;;;62 TgN/yr;;8.9 kgN/yr;;4.9 kgN/cap;;0.55;;;;
"O'Neill D.W.; Fanning A.L.; Lamb W.F.; Steinberger J.K.";A good life for all within planetary boundaries;2018;top down;equal share per capita;country;Cyprus;nitrogen;Consumption-based allocation of nitrogen from applied fertilizer;;;;62 TgN/yr;;8.9 kgN/yr;;25.72 kgN/cap;;2.89;;;;
"O'Neill D.W.; Fanning A.L.; Lamb W.F.; Steinberger J.K.";A good life for all within planetary boundaries;2018;top down;equal share per capita;country;Czech Republic;nitrogen;Consumption-based allocation of nitrogen from applied fertilizer;;;;62 TgN/yr;;8.9 kgN/yr;;63.1 kgN/cap;;7.09;;;;
"O'Neill D.W.; Fanning A.L.; Lamb W.F.; Steinberger J.K.";A good life for all within planetary boundaries;2018;top down;equal share per capita;country;Denmark;nitrogen;Consumption-based allocation of nitrogen from applied fertilizer;;;;62 TgN/yr;;8.9 kgN/yr;;73.25 kgN/cap;;8.23;;;;
"O'Neill D.W.; Fanning A.L.; Lamb W.F.; Steinberger J.K.";A good life for all within planetary boundaries;2018;top down;equal share per capita;country;Dominican Republic;nitrogen;Consumption-based allocation of nitrogen from applied fertilizer;;;;62 TgN/yr;;8.9 kgN/yr;;6.94 kgN/cap;;0.78;;;;
"O'Neill D.W.; Fanning A.L.; Lamb W.F.; Steinberger J.K.";A good life for all within planetary boundaries;2018;top down;equal share per capita;country;Ecuador;nitrogen;Consumption-based allocation of nitrogen from applied fertilizer;;;;62 TgN/yr;;8.9 kgN/yr;;6.41 kgN/cap;;0.72;;;;
"O'Neill D.W.; Fanning A.L.; Lamb W.F.; Steinberger J.K.";A good life for all within planetary boundaries;2018;top down;equal share per capita;country;Egypt;nitrogen;Consumption-based allocation of nitrogen from applied fertilizer;;;;62 TgN/yr;;8.9 kgN/yr;;7.3 kgN/cap;;0.82;;;;
"O'Neill D.W.; Fanning A.L.; Lamb W.F.; Steinberger J.K.";A good life for all within planetary boundaries;2018;top down;equal share per capita;country;El Salvador;nitrogen;Consumption-based allocation of nitrogen from applied fertilizer;;;;62 TgN/yr;;8.9 kgN/yr;;6.05 kgN/cap;;0.68;;;;
"O'Neill D.W.; Fanning A.L.; Lamb W.F.; Steinberger J.K.";A good life for all within planetary boundaries;2018;top down;equal share per capita;country;Eritrea;nitrogen;Consumption-based allocation of nitrogen from applied fertilizer;;;;62 TgN/yr;;8.9 kgN/yr;;1.96 kgN/cap;;0.22;;;;
"O'Neill D.W.; Fanning A.L.; Lamb W.F.; Steinberger J.K.";A good life for all within planetary boundaries;2018;top down;equal share per capita;country;Estonia;nitrogen;Consumption-based allocation of nitrogen from applied fertilizer;;;;62 TgN/yr;;8.9 kgN/yr;;71.38 kgN/cap;;8.02;;;;
"O'Neill D.W.; Fanning A.L.; Lamb W.F.; Steinberger J.K.";A good life for all within planetary boundaries;2018;top down;equal share per capita;country;Ethiopia;nitrogen;Consumption-based allocation of nitrogen from applied fertilizer;;;;62 TgN/yr;;8.9 kgN/yr;;NA;;;;;;
"O'Neill D.W.; Fanning A.L.; Lamb W.F.; Steinberger J.K.";A good life for all within planetary boundaries;2018;top down;equal share per capita;country;Finland;nitrogen;Consumption-based allocation of nitrogen from applied fertilizer;;;;62 TgN/yr;;8.9 kgN/yr;;96.3 kgN/cap;;10.82;;;;
"O'Neill D.W.; Fanning A.L.; Lamb W.F.; Steinberger J.K.";A good life for all within planetary boundaries;2018;top down;equal share per capita;country;France;nitrogen;Consumption-based allocation of nitrogen from applied fertilizer;;;;62 TgN/yr;;8.9 kgN/yr;;87.4 kgN/cap;;9.82;;;;
"O'Neill D.W.; Fanning A.L.; Lamb W.F.; Steinberger J.K.";A good life for all within planetary boundaries;2018;top down;equal share per capita;country;Gabon;nitrogen;Consumption-based allocation of nitrogen from applied fertilizer;;;;62 TgN/yr;;8.9 kgN/yr;;9.52 kgN/cap;;1.07;;;;
"O'Neill D.W.; Fanning A.L.; Lamb W.F.; Steinberger J.K.";A good life for all within planetary boundaries;2018;top down;equal share per capita;country;Georgia;nitrogen;Consumption-based allocation of nitrogen from applied fertilizer;;;;62 TgN/yr;;8.9 kgN/yr;;29.28 kgN/cap;;3.29;;;;
"O'Neill D.W.; Fanning A.L.; Lamb W.F.; Steinberger J.K.";A good life for all within planetary boundaries;2018;top down;equal share per capita;country;Germany;nitrogen;Consumption-based allocation of nitrogen from applied fertilizer;;;;62 TgN/yr;;8.9 kgN/yr;;75.56 kgN/cap;;8.49;;;;
"O'Neill D.W.; Fanning A.L.; Lamb W.F.; Steinberger J.K.";A good life for all within planetary boundaries;2018;top down;equal share per capita;country;Ghana;nitrogen;Consumption-based allocation of nitrogen from applied fertilizer;;;;62 TgN/yr;;8.9 kgN/yr;;0.98 kgN/cap;;0.11;;;;
"O'Neill D.W.; Fanning A.L.; Lamb W.F.; Steinberger J.K.";A good life for all within planetary boundaries;2018;top down;equal share per capita;country;Greece;nitrogen;Consumption-based allocation of nitrogen from applied fertilizer;;;;62 TgN/yr;;8.9 kgN/yr;;51.53 kgN/cap;;5.79;;;;
"O'Neill D.W.; Fanning A.L.; Lamb W.F.; Steinberger J.K.";A good life for all within planetary boundaries;2018;top down;equal share per capita;country;Guatemala;nitrogen;Consumption-based allocation of nitrogen from applied fertilizer;;;;62 TgN/yr;;8.9 kgN/yr;;4.63 kgN/cap;;0.52;;;;
"O'Neill D.W.; Fanning A.L.; Lamb W.F.; Steinberger J.K.";A good life for all within planetary boundaries;2018;top down;equal share per capita;country;Guinea;nitrogen;Consumption-based allocation of nitrogen from applied fertilizer;;;;62 TgN/yr;;8.9 kgN/yr;;1.42 kgN/cap;;0.16;;;;
"O'Neill D.W.; Fanning A.L.; Lamb W.F.; Steinberger J.K.";A good life for all within planetary boundaries;2018;top down;equal share per capita;country;Guinea-Bissau;nitrogen;Consumption-based allocation of nitrogen from applied fertilizer;;;;62 TgN/yr;;8.9 kgN/yr;;NA;;;;;;
"O'Neill D.W.; Fanning A.L.; Lamb W.F.; Steinberger J.K.";A good life for all within planetary boundaries;2018;top down;equal share per capita;country;Haiti;nitrogen;Consumption-based allocation of nitrogen from applied fertilizer;;;;62 TgN/yr;;8.9 kgN/yr;;1.96 kgN/cap;;0.22;;;;
"O'Neill D.W.; Fanning A.L.; Lamb W.F.; Steinberger J.K.";A good life for all within planetary boundaries;2018;top down;equal share per capita;country;Honduras;nitrogen;Consumption-based allocation of nitrogen from applied fertilizer;;;;62 TgN/yr;;8.9 kgN/yr;;6.76 kgN/cap;;0.76;;;;
"O'Neill D.W.; Fanning A.L.; Lamb W.F.; Steinberger J.K.";A good life for all within planetary boundaries;2018;top down;equal share per capita;country;Hungary;nitrogen;Consumption-based allocation of nitrogen from applied fertilizer;;;;62 TgN/yr;;8.9 kgN/yr;;41.03 kgN/cap;;4.61;;;;
"O'Neill D.W.; Fanning A.L.; Lamb W.F.; Steinberger J.K.";A good life for all within planetary boundaries;2018;top down;equal share per capita;country;India;nitrogen;Consumption-based allocation of nitrogen from applied fertilizer;;;;62 TgN/yr;;8.9 kgN/yr;;6.85 kgN/cap;;0.77;;;;
"O'Neill D.W.; Fanning A.L.; Lamb W.F.; Steinberger J.K.";A good life for all within planetary boundaries;2018;top down;equal share per capita;country;Indonesia;nitrogen;Consumption-based allocation of nitrogen from applied fertilizer;;;;62 TgN/yr;;8.9 kgN/yr;;4.18 kgN/cap;;0.47;;;;
"O'Neill D.W.; Fanning A.L.; Lamb W.F.; Steinberger J.K.";A good life for all within planetary boundaries;2018;top down;equal share per capita;country;Iran;nitrogen;Consumption-based allocation of nitrogen from applied fertilizer;;;;62 TgN/yr;;8.9 kgN/yr;;22.07 kgN/cap;;2.48;;;;
"O'Neill D.W.; Fanning A.L.; Lamb W.F.; Steinberger J.K.";A good life for all within planetary boundaries;2018;top down;equal share per capita;country;Iraq;nitrogen;Consumption-based allocation of nitrogen from applied fertilizer;;;;62 TgN/yr;;8.9 kgN/yr;;14.24 kgN/cap;;1.60;;;;
"O'Neill D.W.; Fanning A.L.; Lamb W.F.; Steinberger J.K.";A good life for all within planetary boundaries;2018;top down;equal share per capita;country;Ireland;nitrogen;Consumption-based allocation of nitrogen from applied fertilizer;;;;62 TgN/yr;;8.9 kgN/yr;;91.31 kgN/cap;;10.26;;;;
"O'Neill D.W.; Fanning A.L.; Lamb W.F.; Steinberger J.K.";A good life for all within planetary boundaries;2018;top down;equal share per capita;country;Israel;nitrogen;Consumption-based allocation of nitrogen from applied fertilizer;;;;62 TgN/yr;;8.9 kgN/yr;;45.75 kgN/cap;;5.14;;;;
"O'Neill D.W.; Fanning A.L.; Lamb W.F.; Steinberger J.K.";A good life for all within planetary boundaries;2018;top down;equal share per capita;country;Italy;nitrogen;Consumption-based allocation of nitrogen from applied fertilizer;;;;62 TgN/yr;;8.9 kgN/yr;;47.26 kgN/cap;;5.31;;;;
"O'Neill D.W.; Fanning A.L.; Lamb W.F.; Steinberger J.K.";A good life for all within planetary boundaries;2018;top down;equal share per capita;country;Jamaica;nitrogen;Consumption-based allocation of nitrogen from applied fertilizer;;;;62 TgN/yr;;8.9 kgN/yr;;9.79 kgN/cap;;1.10;;;;
"O'Neill D.W.; Fanning A.L.; Lamb W.F.; Steinberger J.K.";A good life for all within planetary boundaries;2018;top down;equal share per capita;country;Japan;nitrogen;Consumption-based allocation of nitrogen from applied fertilizer;;;;62 TgN/yr;;8.9 kgN/yr;;34.53 kgN/cap;;3.88;;;;
"O'Neill D.W.; Fanning A.L.; Lamb W.F.; Steinberger J.K.";A good life for all within planetary boundaries;2018;top down;equal share per capita;country;Jordan;nitrogen;Consumption-based allocation of nitrogen from applied fertilizer;;;;62 TgN/yr;;8.9 kgN/yr;;8.19 kgN/cap;;0.92;;;;
"O'Neill D.W.; Fanning A.L.; Lamb W.F.; Steinberger J.K.";A good life for all within planetary boundaries;2018;top down;equal share per capita;country;Kazakhstan;nitrogen;Consumption-based allocation of nitrogen from applied fertilizer;;;;62 TgN/yr;;8.9 kgN/yr;;32.22 kgN/cap;;3.62;;;;
"O'Neill D.W.; Fanning A.L.; Lamb W.F.; Steinberger J.K.";A good life for all within planetary boundaries;2018;top down;equal share per capita;country;Kenya;nitrogen;Consumption-based allocation of nitrogen from applied fertilizer;;;;62 TgN/yr;;8.9 kgN/yr;;1.69 kgN/cap;;0.19;;;;
"O'Neill D.W.; Fanning A.L.; Lamb W.F.; Steinberger J.K.";A good life for all within planetary boundaries;2018;top down;equal share per capita;country;Korea;nitrogen;Consumption-based allocation of nitrogen from applied fertilizer;;;;62 TgN/yr;;8.9 kgN/yr;;35.69 kgN/cap;;4.01;;;;
"O'Neill D.W.; Fanning A.L.; Lamb W.F.; Steinberger J.K.";A good life for all within planetary boundaries;2018;top down;equal share per capita;country;Kuwait;nitrogen;Consumption-based allocation of nitrogen from applied fertilizer;;;;62 TgN/yr;;8.9 kgN/yr;;69.33 kgN/cap;;7.79;;;;
"O'Neill D.W.; Fanning A.L.; Lamb W.F.; Steinberger J.K.";A good life for all within planetary boundaries;2018;top down;equal share per capita;country;Kyrgyz Republic;nitrogen;Consumption-based allocation of nitrogen from applied fertilizer;;;;62 TgN/yr;;8.9 kgN/yr;;34.8 kgN/cap;;3.91;;;;
"O'Neill D.W.; Fanning A.L.; Lamb W.F.; Steinberger J.K.";A good life for all within planetary boundaries;2018;top down;equal share per capita;country;Lao PDR;nitrogen;Consumption-based allocation of nitrogen from applied fertilizer;;;;62 TgN/yr;;8.9 kgN/yr;;3.29 kgN/cap;;0.37;;;;
"O'Neill D.W.; Fanning A.L.; Lamb W.F.; Steinberger J.K.";A good life for all within planetary boundaries;2018;top down;equal share per capita;country;Latvia;nitrogen;Consumption-based allocation of nitrogen from applied fertilizer;;;;62 TgN/yr;;8.9 kgN/yr;;89.8 kgN/cap;;10.09;;;;
"O'Neill D.W.; Fanning A.L.; Lamb W.F.; Steinberger J.K.";A good life for all within planetary boundaries;2018;top down;equal share per capita;country;Lebanon;nitrogen;Consumption-based allocation of nitrogen from applied fertilizer;;;;62 TgN/yr;;8.9 kgN/yr;;19.31 kgN/cap;;2.17;;;;
"O'Neill D.W.; Fanning A.L.; Lamb W.F.; Steinberger J.K.";A good life for all within planetary boundaries;2018;top down;equal share per capita;country;Lesotho;nitrogen;Consumption-based allocation of nitrogen from applied fertilizer;;;;62 TgN/yr;;8.9 kgN/yr;;25.19 kgN/cap;;2.83;;;;
"O'Neill D.W.; Fanning A.L.; Lamb W.F.; Steinberger J.K.";A good life for all within planetary boundaries;2018;top down;equal share per capita;country;Liberia;nitrogen;Consumption-based allocation of nitrogen from applied fertilizer;;;;62 TgN/yr;;8.9 kgN/yr;;2.14 kgN/cap;;0.24;;;;
"O'Neill D.W.; Fanning A.L.; Lamb W.F.; Steinberger J.K.";A good life for all within planetary boundaries;2018;top down;equal share per capita;country;Libya;nitrogen;Consumption-based allocation of nitrogen from applied fertilizer;;;;62 TgN/yr;;8.9 kgN/yr;;3.11 kgN/cap;;0.35;;;;
"O'Neill D.W.; Fanning A.L.; Lamb W.F.; Steinberger J.K.";A good life for all within planetary boundaries;2018;top down;equal share per capita;country;Lithuania;nitrogen;Consumption-based allocation of nitrogen from applied fertilizer;;;;62 TgN/yr;;8.9 kgN/yr;;92.29 kgN/cap;;10.37;;;;
"O'Neill D.W.; Fanning A.L.; Lamb W.F.; Steinberger J.K.";A good life for all within planetary boundaries;2018;top down;equal share per capita;country;Macedonia;nitrogen;Consumption-based allocation of nitrogen from applied fertilizer;;;;62 TgN/yr;;8.9 kgN/yr;;51.98 kgN/cap;;5.84;;;;
"O'Neill D.W.; Fanning A.L.; Lamb W.F.; Steinberger J.K.";A good life for all within planetary boundaries;2018;top down;equal share per capita;country;Madagascar;nitrogen;Consumption-based allocation of nitrogen from applied fertilizer;;;;62 TgN/yr;;8.9 kgN/yr;;0.71 kgN/cap;;0.08;;;;
"O'Neill D.W.; Fanning A.L.; Lamb W.F.; Steinberger J.K.";A good life for all within planetary boundaries;2018;top down;equal share per capita;country;Malawi;nitrogen;Consumption-based allocation of nitrogen from applied fertilizer;;;;62 TgN/yr;;8.9 kgN/yr;;0.98 kgN/cap;;0.11;;;;
"O'Neill D.W.; Fanning A.L.; Lamb W.F.; Steinberger J.K.";A good life for all within planetary boundaries;2018;top down;equal share per capita;country;Malaysia;nitrogen;Consumption-based allocation of nitrogen from applied fertilizer;;;;62 TgN/yr;;8.9 kgN/yr;;16.55 kgN/cap;;1.86;;;;
"O'Neill D.W.; Fanning A.L.; Lamb W.F.; Steinberger J.K.";A good life for all within planetary boundaries;2018;top down;equal share per capita;country;Mali;nitrogen;Consumption-based allocation of nitrogen from applied fertilizer;;;;62 TgN/yr;;8.9 kgN/yr;;1.42 kgN/cap;;0.16;;;;
"O'Neill D.W.; Fanning A.L.; Lamb W.F.; Steinberger J.K.";A good life for all within planetary boundaries;2018;top down;equal share per capita;country;Mauritania;nitrogen;Consumption-based allocation of nitrogen from applied fertilizer;;;;62 TgN/yr;;8.9 kgN/yr;;5.61 kgN/cap;;0.63;;;;
"O'Neill D.W.; Fanning A.L.; Lamb W.F.; Steinberger J.K.";A good life for all within planetary boundaries;2018;top down;equal share per capita;country;Mauritius;nitrogen;Consumption-based allocation of nitrogen from applied fertilizer;;;;62 TgN/yr;;8.9 kgN/yr;;28.48 kgN/cap;;3.20;;;;
"O'Neill D.W.; Fanning A.L.; Lamb W.F.; Steinberger J.K.";A good life for all within planetary boundaries;2018;top down;equal share per capita;country;Mexico;nitrogen;Consumption-based allocation of nitrogen from applied fertilizer;;;;62 TgN/yr;;8.9 kgN/yr;;21.63 kgN/cap;;2.43;;;;
"O'Neill D.W.; Fanning A.L.; Lamb W.F.; Steinberger J.K.";A good life for all within planetary boundaries;2018;top down;equal share per capita;country;Moldova;nitrogen;Consumption-based allocation of nitrogen from applied fertilizer;;;;62 TgN/yr;;8.9 kgN/yr;;1.51 kgN/cap;;0.17;;;;
"O'Neill D.W.; Fanning A.L.; Lamb W.F.; Steinberger J.K.";A good life for all within planetary boundaries;2018;top down;equal share per capita;country;Mongolia;nitrogen;Consumption-based allocation of nitrogen from applied fertilizer;;;;62 TgN/yr;;8.9 kgN/yr;;9.79 kgN/cap;;1.10;;;;
"O'Neill D.W.; Fanning A.L.; Lamb W.F.; Steinberger J.K.";A good life for all within planetary boundaries;2018;top down;equal share per capita;country;Morocco;nitrogen;Consumption-based allocation of nitrogen from applied fertilizer;;;;62 TgN/yr;;8.9 kgN/yr;;4 kgN/cap;;0.45;;;;
"O'Neill D.W.; Fanning A.L.; Lamb W.F.; Steinberger J.K.";A good life for all within planetary boundaries;2018;top down;equal share per capita;country;Mozambique;nitrogen;Consumption-based allocation of nitrogen from applied fertilizer;;;;62 TgN/yr;;8.9 kgN/yr;;0.8 kgN/cap;;0.09;;;;
"O'Neill D.W.; Fanning A.L.; Lamb W.F.; Steinberger J.K.";A good life for all within planetary boundaries;2018;top down;equal share per capita;country;Myanmar;nitrogen;Consumption-based allocation of nitrogen from applied fertilizer;;;;62 TgN/yr;;8.9 kgN/yr;;1.33 kgN/cap;;0.15;;;;
"O'Neill D.W.; Fanning A.L.; Lamb W.F.; Steinberger J.K.";A good life for all within planetary boundaries;2018;top down;equal share per capita;country;Namibia;nitrogen;Consumption-based allocation of nitrogen from applied fertilizer;;;;62 TgN/yr;;8.9 kgN/yr;;7.21 kgN/cap;;0.81;;;;
"O'Neill D.W.; Fanning A.L.; Lamb W.F.; Steinberger J.K.";A good life for all within planetary boundaries;2018;top down;equal share per capita;country;Nepal;nitrogen;Consumption-based allocation of nitrogen from applied fertilizer;;;;62 TgN/yr;;8.9 kgN/yr;;8.01 kgN/cap;;0.90;;;;
"O'Neill D.W.; Fanning A.L.; Lamb W.F.; Steinberger J.K.";A good life for all within planetary boundaries;2018;top down;equal share per capita;country;Netherlands;nitrogen;Consumption-based allocation of nitrogen from applied fertilizer;;;;62 TgN/yr;;8.9 kgN/yr;;53.22 kgN/cap;;5.98;;;;
"O'Neill D.W.; Fanning A.L.; Lamb W.F.; Steinberger J.K.";A good life for all within planetary boundaries;2018;top down;equal share per capita;country;New Zealand;nitrogen;Consumption-based allocation of nitrogen from applied fertilizer;;;;62 TgN/yr;;8.9 kgN/yr;;47.97 kgN/cap;;5.39;;;;
"O'Neill D.W.; Fanning A.L.; Lamb W.F.; Steinberger J.K.";A good life for all within planetary boundaries;2018;top down;equal share per capita;country;Nicaragua;nitrogen;Consumption-based allocation of nitrogen from applied fertilizer;;;;62 TgN/yr;;8.9 kgN/yr;;4.27 kgN/cap;;0.48;;;;
"O'Neill D.W.; Fanning A.L.; Lamb W.F.; Steinberger J.K.";A good life for all within planetary boundaries;2018;top down;equal share per capita;country;Niger;nitrogen;Consumption-based allocation of nitrogen from applied fertilizer;;;;62 TgN/yr;;8.9 kgN/yr;;1.87 kgN/cap;;0.21;;;;
"O'Neill D.W.; Fanning A.L.; Lamb W.F.; Steinberger J.K.";A good life for all within planetary boundaries;2018;top down;equal share per capita;country;Nigeria;nitrogen;Consumption-based allocation of nitrogen from applied fertilizer;;;;62 TgN/yr;;8.9 kgN/yr;;0.71 kgN/cap;;0.08;;;;
"O'Neill D.W.; Fanning A.L.; Lamb W.F.; Steinberger J.K.";A good life for all within planetary boundaries;2018;top down;equal share per capita;country;Norway;nitrogen;Consumption-based allocation of nitrogen from applied fertilizer;;;;62 TgN/yr;;8.9 kgN/yr;;107.96 kgN/cap;;12.13;;;;
"O'Neill D.W.; Fanning A.L.; Lamb W.F.; Steinberger J.K.";A good life for all within planetary boundaries;2018;top down;equal share per capita;country;Oman;nitrogen;Consumption-based allocation of nitrogen from applied fertilizer;;;;62 TgN/yr;;8.9 kgN/yr;;15.49 kgN/cap;;1.74;;;;
"O'Neill D.W.; Fanning A.L.; Lamb W.F.; Steinberger J.K.";A good life for all within planetary boundaries;2018;top down;equal share per capita;country;Pakistan;nitrogen;Consumption-based allocation of nitrogen from applied fertilizer;;;;62 TgN/yr;;8.9 kgN/yr;;13.44 kgN/cap;;1.51;;;;
"O'Neill D.W.; Fanning A.L.; Lamb W.F.; Steinberger J.K.";A good life for all within planetary boundaries;2018;top down;equal share per capita;country;Panama;nitrogen;Consumption-based allocation of nitrogen from applied fertilizer;;;;62 TgN/yr;;8.9 kgN/yr;;14.15 kgN/cap;;1.59;;;;
"O'Neill D.W.; Fanning A.L.; Lamb W.F.; Steinberger J.K.";A good life for all within planetary boundaries;2018;top down;equal share per capita;country;Papua New Guinea;nitrogen;Consumption-based allocation of nitrogen from applied fertilizer;;;;62 TgN/yr;;8.9 kgN/yr;;2.31 kgN/cap;;0.26;;;;
"O'Neill D.W.; Fanning A.L.; Lamb W.F.; Steinberger J.K.";A good life for all within planetary boundaries;2018;top down;equal share per capita;country;Paraguay;nitrogen;Consumption-based allocation of nitrogen from applied fertilizer;;;;62 TgN/yr;;8.9 kgN/yr;;7.21 kgN/cap;;0.81;;;;
"O'Neill D.W.; Fanning A.L.; Lamb W.F.; Steinberger J.K.";A good life for all within planetary boundaries;2018;top down;equal share per capita;country;Peru;nitrogen;Consumption-based allocation of nitrogen from applied fertilizer;;;;62 TgN/yr;;8.9 kgN/yr;;6.5 kgN/cap;;0.73;;;;
"O'Neill D.W.; Fanning A.L.; Lamb W.F.; Steinberger J.K.";A good life for all within planetary boundaries;2018;top down;equal share per capita;country;Philippines;nitrogen;Consumption-based allocation of nitrogen from applied fertilizer;;;;62 TgN/yr;;8.9 kgN/yr;;3.38 kgN/cap;;0.38;;;;
"O'Neill D.W.; Fanning A.L.; Lamb W.F.; Steinberger J.K.";A good life for all within planetary boundaries;2018;top down;equal share per capita;country;Poland;nitrogen;Consumption-based allocation of nitrogen from applied fertilizer;;;;62 TgN/yr;;8.9 kgN/yr;;74.32 kgN/cap;;8.35;;;;
"O'Neill D.W.; Fanning A.L.; Lamb W.F.; Steinberger J.K.";A good life for all within planetary boundaries;2018;top down;equal share per capita;country;Portugal;nitrogen;Consumption-based allocation of nitrogen from applied fertilizer;;;;62 TgN/yr;;8.9 kgN/yr;;48.24 kgN/cap;;5.42;;;;
"O'Neill D.W.; Fanning A.L.; Lamb W.F.; Steinberger J.K.";A good life for all within planetary boundaries;2018;top down;equal share per capita;country;Qatar;nitrogen;Consumption-based allocation of nitrogen from applied fertilizer;;;;62 TgN/yr;;8.9 kgN/yr;;28.12 kgN/cap;;3.16;;;;
"O'Neill D.W.; Fanning A.L.; Lamb W.F.; Steinberger J.K.";A good life for all within planetary boundaries;2018;top down;equal share per capita;country;Romania;nitrogen;Consumption-based allocation of nitrogen from applied fertilizer;;;;62 TgN/yr;;8.9 kgN/yr;;39.78 kgN/cap;;4.47;;;;
"O'Neill D.W.; Fanning A.L.; Lamb W.F.; Steinberger J.K.";A good life for all within planetary boundaries;2018;top down;equal share per capita;country;Russia;nitrogen;Consumption-based allocation of nitrogen from applied fertilizer;;;;62 TgN/yr;;8.9 kgN/yr;;42.99 kgN/cap;;4.83;;;;
"O'Neill D.W.; Fanning A.L.; Lamb W.F.; Steinberger J.K.";A good life for all within planetary boundaries;2018;top down;equal share per capita;country;Rwanda;nitrogen;Consumption-based allocation of nitrogen from applied fertilizer;;;;62 TgN/yr;;8.9 kgN/yr;;4.9 kgN/cap;;0.55;;;;
"O'Neill D.W.; Fanning A.L.; Lamb W.F.; Steinberger J.K.";A good life for all within planetary boundaries;2018;top down;equal share per capita;country;Saudi Arabia;nitrogen;Consumption-based allocation of nitrogen from applied fertilizer;;;;62 TgN/yr;;8.9 kgN/yr;;26.43 kgN/cap;;2.97;;;;
"O'Neill D.W.; Fanning A.L.; Lamb W.F.; Steinberger J.K.";A good life for all within planetary boundaries;2018;top down;equal share per capita;country;Senegal;nitrogen;Consumption-based allocation of nitrogen from applied fertilizer;;;;62 TgN/yr;;8.9 kgN/yr;;1.69 kgN/cap;;0.19;;;;
"O'Neill D.W.; Fanning A.L.; Lamb W.F.; Steinberger J.K.";A good life for all within planetary boundaries;2018;top down;equal share per capita;country;Serbia;nitrogen;Consumption-based allocation of nitrogen from applied fertilizer;;;;62 TgN/yr;;8.9 kgN/yr;;NA;;;;;;
"O'Neill D.W.; Fanning A.L.; Lamb W.F.; Steinberger J.K.";A good life for all within planetary boundaries;2018;top down;equal share per capita;country;Sierra Leone;nitrogen;Consumption-based allocation of nitrogen from applied fertilizer;;;;62 TgN/yr;;8.9 kgN/yr;;2.76 kgN/cap;;0.31;;;;
"O'Neill D.W.; Fanning A.L.; Lamb W.F.; Steinberger J.K.";A good life for all within planetary boundaries;2018;top down;equal share per capita;country;Singapore;nitrogen;Consumption-based allocation of nitrogen from applied fertilizer;;;;62 TgN/yr;;8.9 kgN/yr;;60.88 kgN/cap;;6.84;;;;
"O'Neill D.W.; Fanning A.L.; Lamb W.F.; Steinberger J.K.";A good life for all within planetary boundaries;2018;top down;equal share per capita;country;Slovak Republic;nitrogen;Consumption-based allocation of nitrogen from applied fertilizer;;;;62 TgN/yr;;8.9 kgN/yr;;80.55 kgN/cap;;9.05;;;;
"O'Neill D.W.; Fanning A.L.; Lamb W.F.; Steinberger J.K.";A good life for all within planetary boundaries;2018;top down;equal share per capita;country;Slovenia;nitrogen;Consumption-based allocation of nitrogen from applied fertilizer;;;;62 TgN/yr;;8.9 kgN/yr;;45.3 kgN/cap;;5.09;;;;
"O'Neill D.W.; Fanning A.L.; Lamb W.F.; Steinberger J.K.";A good life for all within planetary boundaries;2018;top down;equal share per capita;country;Somalia;nitrogen;Consumption-based allocation of nitrogen from applied fertilizer;;;;62 TgN/yr;;8.9 kgN/yr;;0.45 kgN/cap;;0.05;;;;
"O'Neill D.W.; Fanning A.L.; Lamb W.F.; Steinberger J.K.";A good life for all within planetary boundaries;2018;top down;equal share per capita;country;South Africa;nitrogen;Consumption-based allocation of nitrogen from applied fertilizer;;;;62 TgN/yr;;8.9 kgN/yr;;12.02 kgN/cap;;1.35;;;;
"O'Neill D.W.; Fanning A.L.; Lamb W.F.; Steinberger J.K.";A good life for all within planetary boundaries;2018;top down;equal share per capita;country;Spain;nitrogen;Consumption-based allocation of nitrogen from applied fertilizer;;;;62 TgN/yr;;8.9 kgN/yr;;59.19 kgN/cap;;6.65;;;;
"O'Neill D.W.; Fanning A.L.; Lamb W.F.; Steinberger J.K.";A good life for all within planetary boundaries;2018;top down;equal share per capita;country;Sri Lanka;nitrogen;Consumption-based allocation of nitrogen from applied fertilizer;;;;62 TgN/yr;;8.9 kgN/yr;;1.87 kgN/cap;;0.21;;;;
"O'Neill D.W.; Fanning A.L.; Lamb W.F.; Steinberger J.K.";A good life for all within planetary boundaries;2018;top down;equal share per capita;country;Sudan;nitrogen;Consumption-based allocation of nitrogen from applied fertilizer;;;;62 TgN/yr;;8.9 kgN/yr;;NA;;;;;;
"O'Neill D.W.; Fanning A.L.; Lamb W.F.; Steinberger J.K.";A good life for all within planetary boundaries;2018;top down;equal share per capita;country;Swaziland;nitrogen;Consumption-based allocation of nitrogen from applied fertilizer;;;;62 TgN/yr;;8.9 kgN/yr;;11.57 kgN/cap;;1.30;;;;
"O'Neill D.W.; Fanning A.L.; Lamb W.F.; Steinberger J.K.";A good life for all within planetary boundaries;2018;top down;equal share per capita;country;Sweden;nitrogen;Consumption-based allocation of nitrogen from applied fertilizer;;;;62 TgN/yr;;8.9 kgN/yr;;95.05 kgN/cap;;10.68;;;;
"O'Neill D.W.; Fanning A.L.; Lamb W.F.; Steinberger J.K.";A good life for all within planetary boundaries;2018;top down;equal share per capita;country;Switzerland;nitrogen;Consumption-based allocation of nitrogen from applied fertilizer;;;;62 TgN/yr;;8.9 kgN/yr;;72.27 kgN/cap;;8.12;;;;
"O'Neill D.W.; Fanning A.L.; Lamb W.F.; Steinberger J.K.";A good life for all within planetary boundaries;2018;top down;equal share per capita;country;Syrian Arab Republic;nitrogen;Consumption-based allocation of nitrogen from applied fertilizer;;;;62 TgN/yr;;8.9 kgN/yr;;6.68 kgN/cap;;0.75;;;;
"O'Neill D.W.; Fanning A.L.; Lamb W.F.; Steinberger J.K.";A good life for all within planetary boundaries;2018;top down;equal share per capita;country;Tajikistan;nitrogen;Consumption-based allocation of nitrogen from applied fertilizer;;;;62 TgN/yr;;8.9 kgN/yr;;4.72 kgN/cap;;0.53;;;;
"O'Neill D.W.; Fanning A.L.; Lamb W.F.; Steinberger J.K.";A good life for all within planetary boundaries;2018;top down;equal share per capita;country;Tanzania;nitrogen;Consumption-based allocation of nitrogen from applied fertilizer;;;;62 TgN/yr;;8.9 kgN/yr;;0.45 kgN/cap;;0.05;;;;
"O'Neill D.W.; Fanning A.L.; Lamb W.F.; Steinberger J.K.";A good life for all within planetary boundaries;2018;top down;equal share per capita;country;Thailand;nitrogen;Consumption-based allocation of nitrogen from applied fertilizer;;;;62 TgN/yr;;8.9 kgN/yr;;11.3 kgN/cap;;1.27;;;;
"O'Neill D.W.; Fanning A.L.; Lamb W.F.; Steinberger J.K.";A good life for all within planetary boundaries;2018;top down;equal share per capita;country;Timor-Leste;nitrogen;Consumption-based allocation of nitrogen from applied fertilizer;;;;62 TgN/yr;;8.9 kgN/yr;;NA;;;;;;
"O'Neill D.W.; Fanning A.L.; Lamb W.F.; Steinberger J.K.";A good life for all within planetary boundaries;2018;top down;equal share per capita;country;Togo;nitrogen;Consumption-based allocation of nitrogen from applied fertilizer;;;;62 TgN/yr;;8.9 kgN/yr;;1.87 kgN/cap;;0.21;;;;
"O'Neill D.W.; Fanning A.L.; Lamb W.F.; Steinberger J.K.";A good life for all within planetary boundaries;2018;top down;equal share per capita;country;Trinidad and Tobago;nitrogen;Consumption-based allocation of nitrogen from applied fertilizer;;;;62 TgN/yr;;8.9 kgN/yr;;16.2 kgN/cap;;1.82;;;;
"O'Neill D.W.; Fanning A.L.; Lamb W.F.; Steinberger J.K.";A good life for all within planetary boundaries;2018;top down;equal share per capita;country;Tunisia;nitrogen;Consumption-based allocation of nitrogen from applied fertilizer;;;;62 TgN/yr;;8.9 kgN/yr;;8.54 kgN/cap;;0.96;;;;
"O'Neill D.W.; Fanning A.L.; Lamb W.F.; Steinberger J.K.";A good life for all within planetary boundaries;2018;top down;equal share per capita;country;Turkey;nitrogen;Consumption-based allocation of nitrogen from applied fertilizer;;;;62 TgN/yr;;8.9 kgN/yr;;39.34 kgN/cap;;4.42;;;;
"O'Neill D.W.; Fanning A.L.; Lamb W.F.; Steinberger J.K.";A good life for all within planetary boundaries;2018;top down;equal share per capita;country;Turkmenistan;nitrogen;Consumption-based allocation of nitrogen from applied fertilizer;;;;62 TgN/yr;;8.9 kgN/yr;;22.87 kgN/cap;;2.57;;;;
"O'Neill D.W.; Fanning A.L.; Lamb W.F.; Steinberger J.K.";A good life for all within planetary boundaries;2018;top down;equal share per capita;country;Uganda;nitrogen;Consumption-based allocation of nitrogen from applied fertilizer;;;;62 TgN/yr;;8.9 kgN/yr;;0.45 kgN/cap;;0.05;;;;
"O'Neill D.W.; Fanning A.L.; Lamb W.F.; Steinberger J.K.";A good life for all within planetary boundaries;2018;top down;equal share per capita;country;Ukraine;nitrogen;Consumption-based allocation of nitrogen from applied fertilizer;;;;62 TgN/yr;;8.9 kgN/yr;;29.28 kgN/cap;;3.29;;;;
"O'Neill D.W.; Fanning A.L.; Lamb W.F.; Steinberger J.K.";A good life for all within planetary boundaries;2018;top down;equal share per capita;country;United Arab Emirates;nitrogen;Consumption-based allocation of nitrogen from applied fertilizer;;;;62 TgN/yr;;8.9 kgN/yr;;28.39 kgN/cap;;3.19;;;;
"O'Neill D.W.; Fanning A.L.; Lamb W.F.; Steinberger J.K.";A good life for all within planetary boundaries;2018;top down;equal share per capita;country;United Kingdom;nitrogen;Consumption-based allocation of nitrogen from applied fertilizer;;;;62 TgN/yr;;8.9 kgN/yr;;72.89 kgN/cap;;8.19;;;;
"O'Neill D.W.; Fanning A.L.; Lamb W.F.; Steinberger J.K.";A good life for all within planetary boundaries;2018;top down;equal share per capita;country;United States;nitrogen;Consumption-based allocation of nitrogen from applied fertilizer;;;;62 TgN/yr;;8.9 kgN/yr;;59.01 kgN/cap;;6.63;;;;
"O'Neill D.W.; Fanning A.L.; Lamb W.F.; Steinberger J.K.";A good life for all within planetary boundaries;2018;top down;equal share per capita;country;Uruguay;nitrogen;Consumption-based allocation of nitrogen from applied fertilizer;;;;62 TgN/yr;;8.9 kgN/yr;;26.79 kgN/cap;;3.01;;;;
"O'Neill D.W.; Fanning A.L.; Lamb W.F.; Steinberger J.K.";A good life for all within planetary boundaries;2018;top down;equal share per capita;country;Uzbekistan;nitrogen;Consumption-based allocation of nitrogen from applied fertilizer;;;;62 TgN/yr;;8.9 kgN/yr;;31.24 kgN/cap;;3.51;;;;
"O'Neill D.W.; Fanning A.L.; Lamb W.F.; Steinberger J.K.";A good life for all within planetary boundaries;2018;top down;equal share per capita;country;Venezuela;nitrogen;Consumption-based allocation of nitrogen from applied fertilizer;;;;62 TgN/yr;;8.9 kgN/yr;;10.77 kgN/cap;;1.21;;;;
"O'Neill D.W.; Fanning A.L.; Lamb W.F.; Steinberger J.K.";A good life for all within planetary boundaries;2018;top down;equal share per capita;country;Vietnam;nitrogen;Consumption-based allocation of nitrogen from applied fertilizer;;;;62 TgN/yr;;8.9 kgN/yr;;7.83 kgN/cap;;0.88;;;;
"O'Neill D.W.; Fanning A.L.; Lamb W.F.; Steinberger J.K.";A good life for all within planetary boundaries;2018;top down;equal share per capita;country;West Bank and Gaza;nitrogen;Consumption-based allocation of nitrogen from applied fertilizer;;;;62 TgN/yr;;8.9 kgN/yr;;8.01 kgN/cap;;0.90;;;;
"O'Neill D.W.; Fanning A.L.; Lamb W.F.; Steinberger J.K.";A good life for all within planetary boundaries;2018;top down;equal share per capita;country;Yemen;nitrogen;Consumption-based allocation of nitrogen from applied fertilizer;;;;62 TgN/yr;;8.9 kgN/yr;;1.6 kgN/cap;;0.18;;;;
"O'Neill D.W.; Fanning A.L.; Lamb W.F.; Steinberger J.K.";A good life for all within planetary boundaries;2018;top down;equal share per capita;country;Zambia;nitrogen;Consumption-based allocation of nitrogen from applied fertilizer;;;;62 TgN/yr;;8.9 kgN/yr;;1.69 kgN/cap;;0.19;;;;
"O'Neill D.W.; Fanning A.L.; Lamb W.F.; Steinberger J.K.";A good life for all within planetary boundaries;2018;top down;equal share per capita;country;Zimbabwe;nitrogen;Consumption-based allocation of nitrogen from applied fertilizer;;;;62 TgN/yr;;8.9 kgN/yr;;NA;;;;;;
"Lucas P.L.; Wilting H.C.; Hof A.F.; van Vuuren D.P.";Allocating planetary boundaries to large economies: Distributional consequences of alternative perspectives on distributive fairness;2020;top down;;continent;EU;Intentional N fixation;Annual badget;;;;62 TgN/yr;;19 kgN/cap;;30 kgN/cap;;;;;;comsumption based state calculation
"Lucas P.L.; Wilting H.C.; Hof A.F.; van Vuuren D.P.";Allocating planetary boundaries to large economies: Distributional consequences of alternative perspectives on distributive fairness;2020;top down;;country;USA;Intentional N fixation;Annual badget;;;;62 TgN/yr;;19 kgN/cap;; 49 kgN/cap;;;;;;comsumption based state calculation
"Lucas P.L.; Wilting H.C.; Hof A.F.; van Vuuren D.P.";Allocating planetary boundaries to large economies: Distributional consequences of alternative perspectives on distributive fairness;2020;top down;;country;china;Intentional N fixation;Annual badget;;;;62 TgN/yr;;19 kgN/cap;; 19 kgN/cap;;;;;;comsumption based state calculation
"Lucas P.L.; Wilting H.C.; Hof A.F.; van Vuuren D.P.";Allocating planetary boundaries to large economies: Distributional consequences of alternative perspectives on distributive fairness;2020;top down;;country;india;Intentional N fixation;Annual badget;;;;62 TgN/yr;;19 kgN/cap;; 15 kgN/cap;;;;;;comsumption based state calculation
"Lucas P.L.; Wilting H.C.; Hof A.F.; van Vuuren D.P.";Allocating planetary boundaries to large economies: Distributional consequences of alternative perspectives on distributive fairness;2020;top down;;global;word- EU, usa, china, india;Intentional N fixation;Annual badget;;;;62 TgN/yr;;19kgN/cap;;;;;;;;
Lucas, P. & Wilting, H.;Using Planetary Boundaries to Support National Implementation of Environment-Related Sustainable Development Goals;2018;top down;grandfathering;country;netherlands;Intentional N fixation;;;;;62 TgN/yr;;16.8 kgN/cap;; 32.6 kgN/cap;;;;;;comsumption based state calculation
Lucas, P. & Wilting, H.;Using Planetary Boundaries to Support National Implementation of Environment-Related Sustainable Development Goals;2018;top down;equal share per capita;country;netherlands;Intentional N fixation;;;;;62 TgN/yr;;9.0 kgN/cap;; 32.6 kgN/cap;;;;;;comsumption based state calculation
Lucas, P. & Wilting, H.;Using Planetary Boundaries to Support National Implementation of Environment-Related Sustainable Development Goals;2018;top down;cumulative equal share per capita;country;netherlands;Intentional N fixation;;;;;62 TgN/yr;;8.1 kgN/cap;; 32.6 kgN/cap;;;;;;comsumption based state calculation
Lucas, P. & Wilting, H.;Using Planetary Boundaries to Support National Implementation of Environment-Related Sustainable Development Goals;2018;top down;ability to pay;country;netherlands;Intentional N fixation;;;;;62 TgN/yr;;9 kgN/cap;; 32.6 kgN/cap;;;;;;comsumption based state calculation
Lucas, P. & Wilting, H.;Using Planetary Boundaries to Support National Implementation of Environment-Related Sustainable Development Goals;2018;top down;development rights;country;netherlands;Intentional N fixation;;;;;62 TgN/yr;;-10.8 kgN/cap;; 32.6 kgN/cap;;;;;;comsumption based state calculation
Lucas, P. & Wilting, H.;Using Planetary Boundaries to Support National Implementation of Environment-Related Sustainable Development Goals;2018;top down;resource efficiency;country;netherlands;Intentional N fixation;;;;;62 TgN/yr;;19.3 kgN/cap;; 32.6 kgN/cap;;;;;;comsumption based state calculation
Dao, H., Peduzzi, P., & Friot, D.;National environmental limits and footprints based on the Planetary Boundaries framework: The case of Switzerland;2018;;downscaling the global limit with the hybrid-allocation;country;switzerland;"Nitrogen Losses	";;Loss of reactive N into the environment. Considering losses into soil, water (NO3-) and air (partially, i.e. NH3 but not NOx);;;47.6 Tg.;2011;6.8 kgN/cap;53.8 ktN;;;;;;;
Rockström, J., Gupta, J., Qin, D., Lade, S. J., Abrams, J. F., Andersen, L. S., ... & Zhang, X.;Safe and just Earth system boundaries.;2023;bottom-up;assesment of tipping point risks;global;world;nutrient cycles: nitrogen;;;;;"Surplus, <61 (35–84) TgN per year; total input, <143 (87–189) TgN per year";;;"<2.5 (1–4) mg N l−1 in surface water; <5–20 kgN ha−1 per year in terrestrial ecosystems (biome dependent)";;;;;;;
"Kahiluoto H.; Kuisma M.; Kuokkanen A.; MikkilÃ¤ M.; Linnanen L.";Local and social facets of planetary boundaries: Right to nutrients;2015;bottom-up;bottom-up;country;finland;N2 conversion to reactive N (Nr);;;;;27 kgN/cap yr;;2.9 kgN/cap;;43 kgN/cap ;;;;;;
"Kahiluoto H.; Kuisma M.; Kuokkanen A.; MikkilÃ¤ M.; Linnanen L.";Local and social facets of planetary boundaries: Right to nutrients;2015;top down;equal share per capita;country;ethiopia;N2 conversion to reactive N (Nr);;;;;27 kgN/cap yr;;2.9 kgN/cap;;1.7 kgN/cap ;;;;;;
Schulte-Uebbing, L. F., Beusen, A. H., Bouwman, A. F., & De Vries, W.;From planetary to regional boundaries for agricultural nitrogen pollution;2022;bottom-up;spatially explicit model;country;canada;agricultural N surplus;deposition of agricultural N in surface water and groundwater, threaten biodiversity and other impacts;"sum of critical manure and fertilizer inputs, critical N deposition 
and (constant) N fixation. (119 MtN yr−1 to 92 MtN yr−1 for water, 101 MtN yr−1 for biodiversity)";;; 57 MtN yr−1;;;14 kgN/ha*yr;;35 kgN/ha*yr;;;https://static-content.springer.com/esm/art%3A10.1038%2Fs41586-022-05158-2/MediaObjects/41586_2022_5158_MOESM1_ESM.pdf;account for the spatial variability. use a spatially explicit model to establish regional boundaries for agricultural nitrogen surplus from thresholds for eutrophication of terrestrial and aquatic ecosystems and nitrate in groundwater;N surplus will depend on precipitation surplus, share on agricultural land, and legacy N load, critical N surpluses
Schulte-Uebbing, L. F., Beusen, A. H., Bouwman, A. F., & De Vries, W.;From planetary to regional boundaries for agricultural nitrogen pollution;2022;bottom-up;spatially explicit model;country;USA;agricultural N surplus;deposition of agricultural N in surface water and groundwater, threaten biodiversity and other impacts;"sum of critical manure and fertilizer inputs, critical N deposition 
and (constant) N fixation. (119 MtN yr−1 to 92 MtN yr−1 for water, 101 MtN yr−1 for biodiversity)";;; 57 MtN yr−1;;;15 kgN/ha*yr;;40 kgN/ha*yr;;;https://static-content.springer.com/esm/art%3A10.1038%2Fs41586-022-05158-2/MediaObjects/41586_2022_5158_MOESM1_ESM.pdf;account for the spatial variability. use a spatially explicit model to establish regional boundaries for agricultural nitrogen surplus from thresholds for eutrophication of terrestrial and aquatic ecosystems and nitrate in groundwater;N surplus will depend on precipitation surplus, share on agricultural land, and legacy N load, critical N surpluses
Schulte-Uebbing, L. F., Beusen, A. H., Bouwman, A. F., & De Vries, W.;From planetary to regional boundaries for agricultural nitrogen pollution;2022;bottom-up;spatially explicit model;country;mexico;agricultural N surplus;deposition of agricultural N in surface water and groundwater, threaten biodiversity and other impacts;"sum of critical manure and fertilizer inputs, critical N deposition 
and (constant) N fixation. (119 MtN yr−1 to 92 MtN yr−1 for water, 101 MtN yr−1 for biodiversity)";;; 57 MtN yr−1;;;36 kgN/ha*yr;;34 kgN/ha*yr;;;https://static-content.springer.com/esm/art%3A10.1038%2Fs41586-022-05158-2/MediaObjects/41586_2022_5158_MOESM1_ESM.pdf;account for the spatial variability. use a spatially explicit model to establish regional boundaries for agricultural nitrogen surplus from thresholds for eutrophication of terrestrial and aquatic ecosystems and nitrate in groundwater;N surplus will depend on precipitation surplus, share on agricultural land, and legacy N load, critical N surpluses
Schulte-Uebbing, L. F., Beusen, A. H., Bouwman, A. F., & De Vries, W.;From planetary to regional boundaries for agricultural nitrogen pollution;2022;bottom-up;spatially explicit model;country;central america;agricultural N surplus;deposition of agricultural N in surface water and groundwater, threaten biodiversity and other impacts;"sum of critical manure and fertilizer inputs, critical N deposition 
and (constant) N fixation. (119 MtN yr−1 to 92 MtN yr−1 for water, 101 MtN yr−1 for biodiversity)";;; 57 MtN yr−1;;;66 kgN/ha*yr;;45 kgN/ha*yr;;;https://static-content.springer.com/esm/art%3A10.1038%2Fs41586-022-05158-2/MediaObjects/41586_2022_5158_MOESM1_ESM.pdf;account for the spatial variability. use a spatially explicit model to establish regional boundaries for agricultural nitrogen surplus from thresholds for eutrophication of terrestrial and aquatic ecosystems and nitrate in groundwater;N surplus will depend on precipitation surplus, share on agricultural land, and legacy N load, critical N surpluses
Schulte-Uebbing, L. F., Beusen, A. H., Bouwman, A. F., & De Vries, W.;From planetary to regional boundaries for agricultural nitrogen pollution;2022;bottom-up;spatially explicit model;country;brazil;agricultural N surplus;deposition of agricultural N in surface water and groundwater, threaten biodiversity and other impacts;"sum of critical manure and fertilizer inputs, critical N deposition 
and (constant) N fixation. (119 MtN yr−1 to 92 MtN yr−1 for water, 101 MtN yr−1 for biodiversity)";;; 57 MtN yr−1;;;30kgN/ha*yr;;30kgN/ha*yr;;;https://static-content.springer.com/esm/art%3A10.1038%2Fs41586-022-05158-2/MediaObjects/41586_2022_5158_MOESM1_ESM.pdf;account for the spatial variability. use a spatially explicit model to establish regional boundaries for agricultural nitrogen surplus from thresholds for eutrophication of terrestrial and aquatic ecosystems and nitrate in groundwater;N surplus will depend on precipitation surplus, share on agricultural land, and legacy N load, critical N surpluses
Schulte-Uebbing, L. F., Beusen, A. H., Bouwman, A. F., & De Vries, W.;From planetary to regional boundaries for agricultural nitrogen pollution;2022;bottom-up;spatially explicit model;country;southamerica-brazil;agricultural N surplus;deposition of agricultural N in surface water and groundwater, threaten biodiversity and other impacts;"sum of critical manure and fertilizer inputs, critical N deposition 
and (constant) N fixation. (119 MtN yr−1 to 92 MtN yr−1 for water, 101 MtN yr−1 for biodiversity)";;; 57 MtN yr−1;;;31 kgN/ha*yr;;31 kgN/ha*yr;;;https://static-content.springer.com/esm/art%3A10.1038%2Fs41586-022-05158-2/MediaObjects/41586_2022_5158_MOESM1_ESM.pdf;account for the spatial variability. use a spatially explicit model to establish regional boundaries for agricultural nitrogen surplus from thresholds for eutrophication of terrestrial and aquatic ecosystems and nitrate in groundwater;N surplus will depend on precipitation surplus, share on agricultural land, and legacy N load, critical N surpluses
Schulte-Uebbing, L. F., Beusen, A. H., Bouwman, A. F., & De Vries, W.;From planetary to regional boundaries for agricultural nitrogen pollution;2022;bottom-up;spatially explicit model;country;northern africa;agricultural N surplus;deposition of agricultural N in surface water and groundwater, threaten biodiversity and other impacts;"sum of critical manure and fertilizer inputs, critical N deposition 
and (constant) N fixation. (119 MtN yr−1 to 92 MtN yr−1 for water, 101 MtN yr−1 for biodiversity)";;; 57 MtN yr−1;;;49 kgN/ha*yr;;49 kgN/ha*yr;;;https://static-content.springer.com/esm/art%3A10.1038%2Fs41586-022-05158-2/MediaObjects/41586_2022_5158_MOESM1_ESM.pdf;account for the spatial variability. use a spatially explicit model to establish regional boundaries for agricultural nitrogen surplus from thresholds for eutrophication of terrestrial and aquatic ecosystems and nitrate in groundwater;N surplus will depend on precipitation surplus, share on agricultural land, and legacy N load, critical N surpluses
Schulte-Uebbing, L. F., Beusen, A. H., Bouwman, A. F., & De Vries, W.;From planetary to regional boundaries for agricultural nitrogen pollution;2022;bottom-up;spatially explicit model;country;western africa;agricultural N surplus;deposition of agricultural N in surface water and groundwater, threaten biodiversity and other impacts;"sum of critical manure and fertilizer inputs, critical N deposition 
and (constant) N fixation. (119 MtN yr−1 to 92 MtN yr−1 for water, 101 MtN yr−1 for biodiversity)";;; 57 MtN yr−1;;;13kgN/ha*yr;;13kgN/ha*yr;;;https://static-content.springer.com/esm/art%3A10.1038%2Fs41586-022-05158-2/MediaObjects/41586_2022_5158_MOESM1_ESM.pdf;account for the spatial variability. use a spatially explicit model to establish regional boundaries for agricultural nitrogen surplus from thresholds for eutrophication of terrestrial and aquatic ecosystems and nitrate in groundwater;N surplus will depend on precipitation surplus, share on agricultural land, and legacy N load, critical N surpluses
Schulte-Uebbing, L. F., Beusen, A. H., Bouwman, A. F., & De Vries, W.;From planetary to regional boundaries for agricultural nitrogen pollution;2022;bottom-up;spatially explicit model;country;eastern africa;agricultural N surplus;deposition of agricultural N in surface water and groundwater, threaten biodiversity and other impacts;"sum of critical manure and fertilizer inputs, critical N deposition 
and (constant) N fixation. (119 MtN yr−1 to 92 MtN yr−1 for water, 101 MtN yr−1 for biodiversity)";;; 57 MtN yr−1;;; 27 kgN/ha*yr;; 27 kgN/ha*yr;;;https://static-content.springer.com/esm/art%3A10.1038%2Fs41586-022-05158-2/MediaObjects/41586_2022_5158_MOESM1_ESM.pdf;account for the spatial variability. use a spatially explicit model to establish regional boundaries for agricultural nitrogen surplus from thresholds for eutrophication of terrestrial and aquatic ecosystems and nitrate in groundwater;N surplus will depend on precipitation surplus, share on agricultural land, and legacy N load, critical N surpluses
Schulte-Uebbing, L. F., Beusen, A. H., Bouwman, A. F., & De Vries, W.;From planetary to regional boundaries for agricultural nitrogen pollution;2022;bottom-up;spatially explicit model;country;south africa;agricultural N surplus;deposition of agricultural N in surface water and groundwater, threaten biodiversity and other impacts;"sum of critical manure and fertilizer inputs, critical N deposition 
and (constant) N fixation. (119 MtN yr−1 to 92 MtN yr−1 for water, 101 MtN yr−1 for biodiversity)";;; 57 MtN yr−1;;;34 kgN/ha*yr;;34 kgN/ha*yr;;;https://static-content.springer.com/esm/art%3A10.1038%2Fs41586-022-05158-2/MediaObjects/41586_2022_5158_MOESM1_ESM.pdf;account for the spatial variability. use a spatially explicit model to establish regional boundaries for agricultural nitrogen surplus from thresholds for eutrophication of terrestrial and aquatic ecosystems and nitrate in groundwater;N surplus will depend on precipitation surplus, share on agricultural land, and legacy N load, critical N surpluses
Schulte-Uebbing, L. F., Beusen, A. H., Bouwman, A. F., & De Vries, W.;From planetary to regional boundaries for agricultural nitrogen pollution;2022;bottom-up;spatially explicit model;country;western europe;agricultural N surplus;deposition of agricultural N in surface water and groundwater, threaten biodiversity and other impacts;"sum of critical manure and fertilizer inputs, critical N deposition 
and (constant) N fixation. (119 MtN yr−1 to 92 MtN yr−1 for water, 101 MtN yr−1 for biodiversity)";;; 57 MtN yr−1;;;50 kgN/ha*yr;;50 kgN/ha*yr;;;https://static-content.springer.com/esm/art%3A10.1038%2Fs41586-022-05158-2/MediaObjects/41586_2022_5158_MOESM1_ESM.pdf;account for the spatial variability. use a spatially explicit model to establish regional boundaries for agricultural nitrogen surplus from thresholds for eutrophication of terrestrial and aquatic ecosystems and nitrate in groundwater;N surplus will depend on precipitation surplus, share on agricultural land, and legacy N load, critical N surpluses
Schulte-Uebbing, L. F., Beusen, A. H., Bouwman, A. F., & De Vries, W.;From planetary to regional boundaries for agricultural nitrogen pollution;2022;bottom-up;spatially explicit model;country;central europe;agricultural N surplus;deposition of agricultural N in surface water and groundwater, threaten biodiversity and other impacts;"sum of critical manure and fertilizer inputs, critical N deposition 
and (constant) N fixation. (119 MtN yr−1 to 92 MtN yr−1 for water, 101 MtN yr−1 for biodiversity)";;; 57 MtN yr−1;;;48 kgN/ha*yr;;48 kgN/ha*yr;;;https://static-content.springer.com/esm/art%3A10.1038%2Fs41586-022-05158-2/MediaObjects/41586_2022_5158_MOESM1_ESM.pdf;account for the spatial variability. use a spatially explicit model to establish regional boundaries for agricultural nitrogen surplus from thresholds for eutrophication of terrestrial and aquatic ecosystems and nitrate in groundwater;N surplus will depend on precipitation surplus, share on agricultural land, and legacy N load, critical N surpluses
Schulte-Uebbing, L. F., Beusen, A. H., Bouwman, A. F., & De Vries, W.;From planetary to regional boundaries for agricultural nitrogen pollution;2022;bottom-up;spatially explicit model;country;turkey;agricultural N surplus;deposition of agricultural N in surface water and groundwater, threaten biodiversity and other impacts;"sum of critical manure and fertilizer inputs, critical N deposition 
and (constant) N fixation. (119 MtN yr−1 to 92 MtN yr−1 for water, 101 MtN yr−1 for biodiversity)";;; 57 MtN yr−1;;;42 kgN/ha*yr;;42 kgN/ha*yr;;;https://static-content.springer.com/esm/art%3A10.1038%2Fs41586-022-05158-2/MediaObjects/41586_2022_5158_MOESM1_ESM.pdf;account for the spatial variability. use a spatially explicit model to establish regional boundaries for agricultural nitrogen surplus from thresholds for eutrophication of terrestrial and aquatic ecosystems and nitrate in groundwater;N surplus will depend on precipitation surplus, share on agricultural land, and legacy N load, critical N surpluses
Schulte-Uebbing, L. F., Beusen, A. H., Bouwman, A. F., & De Vries, W.;From planetary to regional boundaries for agricultural nitrogen pollution;2022;bottom-up;spatially explicit model;country;ukraine region;agricultural N surplus;deposition of agricultural N in surface water and groundwater, threaten biodiversity and other impacts;"sum of critical manure and fertilizer inputs, critical N deposition 
and (constant) N fixation. (119 MtN yr−1 to 92 MtN yr−1 for water, 101 MtN yr−1 for biodiversity)";;; 57 MtN yr−1;;;27 kgN/ha*yr;;27 kgN/ha*yr;;;https://static-content.springer.com/esm/art%3A10.1038%2Fs41586-022-05158-2/MediaObjects/41586_2022_5158_MOESM1_ESM.pdf;account for the spatial variability. use a spatially explicit model to establish regional boundaries for agricultural nitrogen surplus from thresholds for eutrophication of terrestrial and aquatic ecosystems and nitrate in groundwater;N surplus will depend on precipitation surplus, share on agricultural land, and legacy N load, critical N surpluses
Schulte-Uebbing, L. F., Beusen, A. H., Bouwman, A. F., & De Vries, W.;From planetary to regional boundaries for agricultural nitrogen pollution;2022;bottom-up;spatially explicit model;country;central asia;agricultural N surplus;deposition of agricultural N in surface water and groundwater, threaten biodiversity and other impacts;"sum of critical manure and fertilizer inputs, critical N deposition 
and (constant) N fixation. (119 MtN yr−1 to 92 MtN yr−1 for water, 101 MtN yr−1 for biodiversity)";;; 57 MtN yr−1;;;32 kgN/ha*yr;;32 kgN/ha*yr;;;https://static-content.springer.com/esm/art%3A10.1038%2Fs41586-022-05158-2/MediaObjects/41586_2022_5158_MOESM1_ESM.pdf;account for the spatial variability. use a spatially explicit model to establish regional boundaries for agricultural nitrogen surplus from thresholds for eutrophication of terrestrial and aquatic ecosystems and nitrate in groundwater;N surplus will depend on precipitation surplus, share on agricultural land, and legacy N load, critical N surpluses
Schulte-Uebbing, L. F., Beusen, A. H., Bouwman, A. F., & De Vries, W.;From planetary to regional boundaries for agricultural nitrogen pollution;2022;bottom-up;spatially explicit model;country;russia region;agricultural N surplus;deposition of agricultural N in surface water and groundwater, threaten biodiversity and other impacts;"sum of critical manure and fertilizer inputs, critical N deposition 
and (constant) N fixation. (119 MtN yr−1 to 92 MtN yr−1 for water, 101 MtN yr−1 for biodiversity)";;; 57 MtN yr−1;;;14 kgN/ha*yr;;14 kgN/ha*yr;;;https://static-content.springer.com/esm/art%3A10.1038%2Fs41586-022-05158-2/MediaObjects/41586_2022_5158_MOESM1_ESM.pdf;account for the spatial variability. use a spatially explicit model to establish regional boundaries for agricultural nitrogen surplus from thresholds for eutrophication of terrestrial and aquatic ecosystems and nitrate in groundwater;N surplus will depend on precipitation surplus, share on agricultural land, and legacy N load, critical N surpluses
Schulte-Uebbing, L. F., Beusen, A. H., Bouwman, A. F., & De Vries, W.;From planetary to regional boundaries for agricultural nitrogen pollution;2022;bottom-up;spatially explicit model;country;middle east;agricultural N surplus;deposition of agricultural N in surface water and groundwater, threaten biodiversity and other impacts;"sum of critical manure and fertilizer inputs, critical N deposition 
and (constant) N fixation. (119 MtN yr−1 to 92 MtN yr−1 for water, 101 MtN yr−1 for biodiversity)";;; 57 MtN yr−1;;;47 kgN/ha*yr;;47 kgN/ha*yr;;;https://static-content.springer.com/esm/art%3A10.1038%2Fs41586-022-05158-2/MediaObjects/41586_2022_5158_MOESM1_ESM.pdf;account for the spatial variability. use a spatially explicit model to establish regional boundaries for agricultural nitrogen surplus from thresholds for eutrophication of terrestrial and aquatic ecosystems and nitrate in groundwater;N surplus will depend on precipitation surplus, share on agricultural land, and legacy N load, critical N surpluses
Schulte-Uebbing, L. F., Beusen, A. H., Bouwman, A. F., & De Vries, W.;From planetary to regional boundaries for agricultural nitrogen pollution;2022;bottom-up;spatially explicit model;country;india;agricultural N surplus;deposition of agricultural N in surface water and groundwater, threaten biodiversity and other impacts;"sum of critical manure and fertilizer inputs, critical N deposition 
and (constant) N fixation. (119 MtN yr−1 to 92 MtN yr−1 for water, 101 MtN yr−1 for biodiversity)";;; 57 MtN yr−1;;;114 kgN/ha*yr;;114 kgN/ha*yr;;;https://static-content.springer.com/esm/art%3A10.1038%2Fs41586-022-05158-2/MediaObjects/41586_2022_5158_MOESM1_ESM.pdf;account for the spatial variability. use a spatially explicit model to establish regional boundaries for agricultural nitrogen surplus from thresholds for eutrophication of terrestrial and aquatic ecosystems and nitrate in groundwater;N surplus will depend on precipitation surplus, share on agricultural land, and legacy N load, critical N surpluses
Schulte-Uebbing, L. F., Beusen, A. H., Bouwman, A. F., & De Vries, W.;From planetary to regional boundaries for agricultural nitrogen pollution;2022;bottom-up;spatially explicit model;country;korea region;agricultural N surplus;deposition of agricultural N in surface water and groundwater, threaten biodiversity and other impacts;"sum of critical manure and fertilizer inputs, critical N deposition 
and (constant) N fixation. (119 MtN yr−1 to 92 MtN yr−1 for water, 101 MtN yr−1 for biodiversity)";;; 57 MtN yr−1;;;84 kgN/ha*yr;;84 kgN/ha*yr;;;https://static-content.springer.com/esm/art%3A10.1038%2Fs41586-022-05158-2/MediaObjects/41586_2022_5158_MOESM1_ESM.pdf;account for the spatial variability. use a spatially explicit model to establish regional boundaries for agricultural nitrogen surplus from thresholds for eutrophication of terrestrial and aquatic ecosystems and nitrate in groundwater;N surplus will depend on precipitation surplus, share on agricultural land, and legacy N load, critical N surpluses
Schulte-Uebbing, L. F., Beusen, A. H., Bouwman, A. F., & De Vries, W.;From planetary to regional boundaries for agricultural nitrogen pollution;2022;bottom-up;spatially explicit model;country;china region;agricultural N surplus;deposition of agricultural N in surface water and groundwater, threaten biodiversity and other impacts;"sum of critical manure and fertilizer inputs, critical N deposition 
and (constant) N fixation. (119 MtN yr−1 to 92 MtN yr−1 for water, 101 MtN yr−1 for biodiversity)";;; 57 MtN yr−1;;;93 kgN/ha*yr;;93 kgN/ha*yr;;;https://static-content.springer.com/esm/art%3A10.1038%2Fs41586-022-05158-2/MediaObjects/41586_2022_5158_MOESM1_ESM.pdf;account for the spatial variability. use a spatially explicit model to establish regional boundaries for agricultural nitrogen surplus from thresholds for eutrophication of terrestrial and aquatic ecosystems and nitrate in groundwater;N surplus will depend on precipitation surplus, share on agricultural land, and legacy N load, critical N surpluses
Schulte-Uebbing, L. F., Beusen, A. H., Bouwman, A. F., & De Vries, W.;From planetary to regional boundaries for agricultural nitrogen pollution;2022;bottom-up;spatially explicit model;country;southeastern asia;agricultural N surplus;deposition of agricultural N in surface water and groundwater, threaten biodiversity and other impacts;"sum of critical manure and fertilizer inputs, critical N deposition 
and (constant) N fixation. (119 MtN yr−1 to 92 MtN yr−1 for water, 101 MtN yr−1 for biodiversity)";;; 57 MtN yr−1;;;56 kgN/ha*yr;;56 kgN/ha*yr;;;https://static-content.springer.com/esm/art%3A10.1038%2Fs41586-022-05158-2/MediaObjects/41586_2022_5158_MOESM1_ESM.pdf;account for the spatial variability. use a spatially explicit model to establish regional boundaries for agricultural nitrogen surplus from thresholds for eutrophication of terrestrial and aquatic ecosystems and nitrate in groundwater;N surplus will depend on precipitation surplus, share on agricultural land, and legacy N load, critical N surpluses
Schulte-Uebbing, L. F., Beusen, A. H., Bouwman, A. F., & De Vries, W.;From planetary to regional boundaries for agricultural nitrogen pollution;2022;bottom-up;spatially explicit model;country;indonesia region;agricultural N surplus;deposition of agricultural N in surface water and groundwater, threaten biodiversity and other impacts;"sum of critical manure and fertilizer inputs, critical N deposition 
and (constant) N fixation. (119 MtN yr−1 to 92 MtN yr−1 for water, 101 MtN yr−1 for biodiversity)";;; 57 MtN yr−1;;;49 kgN/ha*yr;;49 kgN/ha*yr;;;https://static-content.springer.com/esm/art%3A10.1038%2Fs41586-022-05158-2/MediaObjects/41586_2022_5158_MOESM1_ESM.pdf;account for the spatial variability. use a spatially explicit model to establish regional boundaries for agricultural nitrogen surplus from thresholds for eutrophication of terrestrial and aquatic ecosystems and nitrate in groundwater;N surplus will depend on precipitation surplus, share on agricultural land, and legacy N load, critical N surpluses
Schulte-Uebbing, L. F., Beusen, A. H., Bouwman, A. F., & De Vries, W.;From planetary to regional boundaries for agricultural nitrogen pollution;2022;bottom-up;spatially explicit model;country;japan;agricultural N surplus;deposition of agricultural N in surface water and groundwater, threaten biodiversity and other impacts;"sum of critical manure and fertilizer inputs, critical N deposition 
and (constant) N fixation. (119 MtN yr−1 to 92 MtN yr−1 for water, 101 MtN yr−1 for biodiversity)";;; 57 MtN yr−1;;;157 kgN/ha*yr;;157 kgN/ha*yr;;;https://static-content.springer.com/esm/art%3A10.1038%2Fs41586-022-05158-2/MediaObjects/41586_2022_5158_MOESM1_ESM.pdf;account for the spatial variability. use a spatially explicit model to establish regional boundaries for agricultural nitrogen surplus from thresholds for eutrophication of terrestrial and aquatic ecosystems and nitrate in groundwater;N surplus will depend on precipitation surplus, share on agricultural land, and legacy N load, critical N surpluses
Schulte-Uebbing, L. F., Beusen, A. H., Bouwman, A. F., & De Vries, W.;From planetary to regional boundaries for agricultural nitrogen pollution;2022;bottom-up;spatially explicit model;country;oceania;agricultural N surplus;deposition of agricultural N in surface water and groundwater, threaten biodiversity and other impacts;"sum of critical manure and fertilizer inputs, critical N deposition 
and (constant) N fixation. (119 MtN yr−1 to 92 MtN yr−1 for water, 101 MtN yr−1 for biodiversity)";;; 57 MtN yr−1;;;20 kgN/ha*yr;;20 kgN/ha*yr;;;https://static-content.springer.com/esm/art%3A10.1038%2Fs41586-022-05158-2/MediaObjects/41586_2022_5158_MOESM1_ESM.pdf;account for the spatial variability. use a spatially explicit model to establish regional boundaries for agricultural nitrogen surplus from thresholds for eutrophication of terrestrial and aquatic ecosystems and nitrate in groundwater;N surplus will depend on precipitation surplus, share on agricultural land, and legacy N load, critical N surpluses
Schulte-Uebbing, L. F., Beusen, A. H., Bouwman, A. F., & De Vries, W.;From planetary to regional boundaries for agricultural nitrogen pollution;2022;bottom-up;spatially explicit model;country;rest of south asia;agricultural N surplus;deposition of agricultural N in surface water and groundwater, threaten biodiversity and other impacts;"sum of critical manure and fertilizer inputs, critical N deposition 
and (constant) N fixation. (119 MtN yr−1 to 92 MtN yr−1 for water, 101 MtN yr−1 for biodiversity)";;; 57 MtN yr−1;;;186 kgN/ha*yr;;186 kgN/ha*yr;;;https://static-content.springer.com/esm/art%3A10.1038%2Fs41586-022-05158-2/MediaObjects/41586_2022_5158_MOESM1_ESM.pdf;account for the spatial variability. use a spatially explicit model to establish regional boundaries for agricultural nitrogen surplus from thresholds for eutrophication of terrestrial and aquatic ecosystems and nitrate in groundwater;N surplus will depend on precipitation surplus, share on agricultural land, and legacy N load, critical N surpluses
Schulte-Uebbing, L. F., Beusen, A. H., Bouwman, A. F., & De Vries, W.;From planetary to regional boundaries for agricultural nitrogen pollution;2022;bottom-up;spatially explicit model;country;rest of shouthern africa;agricultural N surplus;deposition of agricultural N in surface water and groundwater, threaten biodiversity and other impacts;"sum of critical manure and fertilizer inputs, critical N deposition 
and (constant) N fixation. (119 MtN yr−1 to 92 MtN yr−1 for water, 101 MtN yr−1 for biodiversity)";;; 57 MtN yr−1;;;12 kgN/ha*yr;;12 kgN/ha*yr;;;https://static-content.springer.com/esm/art%3A10.1038%2Fs41586-022-05158-2/MediaObjects/41586_2022_5158_MOESM1_ESM.pdf;account for the spatial variability. use a spatially explicit model to establish regional boundaries for agricultural nitrogen surplus from thresholds for eutrophication of terrestrial and aquatic ecosystems and nitrate in groundwater;N surplus will depend on precipitation surplus, share on agricultural land, and legacy N load, critical N surpluses
Schulte-Uebbing, L. F., Beusen, A. H., Bouwman, A. F., & De Vries, W.;From planetary to regional boundaries for agricultural nitrogen pollution;2022;bottom-up;spatially explicit model;country;world;agricultural N surplus;deposition of agricultural N in surface water and groundwater, threaten biodiversity and other impacts;"sum of critical manure and fertilizer inputs, critical N deposition 
and (constant) N fixation. (119 MtN yr−1 to 92 MtN yr−1 for water, 101 MtN yr−1 for biodiversity)";;; 57 MtN yr−1;;;51 kgN/ha*yr;;51 kgN/ha*yr;;;https://static-content.springer.com/esm/art%3A10.1038%2Fs41586-022-05158-2/MediaObjects/41586_2022_5158_MOESM1_ESM.pdf;account for the spatial variability. use a spatially explicit model to establish regional boundaries for agricultural nitrogen surplus from thresholds for eutrophication of terrestrial and aquatic ecosystems and nitrate in groundwater;N surplus will depend on precipitation surplus, share on agricultural land, and legacy N load, critical N surpluses
"Su Y.; Dong X.; Li Y.; Hong Q.; Flower R.";Optimizing safe and just operating spaces at sub-watershed scales to guide local environmental management;2023;;Industry standard/Expert judgment;local;Nanfei River Paihe River Basin, china;Nitrogen cycle;mean value of particle N loads in Chaohu watershed;Total N load (kgN/km2);;;;;;3.58 kgN/km2;;;;;;;Local data exists
"Su Y.; Dong X.; Li Y.; Hong Q.; Flower R.";Optimizing safe and just operating spaces at sub-watershed scales to guide local environmental management;2023;;Industry standard/Expert judgment;local;Huangbu River Baishitian River Basin, china;Nitrogen cycle;mean value of particle N loads in Chaohu watershed;Total N load (kgN/km2);;;;;;3.58 kgN/km2;;;;;;;Local data exists
"Su Y.; Dong X.; Li Y.; Hong Q.; Flower R.";Optimizing safe and just operating spaces at sub-watershed scales to guide local environmental management;2023;;Industry standard/Expert judgment;local;Tongyang River- Zhegao River Basin, china;Nitrogen cycle;mean value of particle N loads in Chaohu watershed;Total N load (kgN/km2);;;;;;3.58 kgN/km2;;;;;;;Local data exists
"Su Y.; Dong X.; Li Y.; Hong Q.; Flower R.";Optimizing safe and just operating spaces at sub-watershed scales to guide local environmental management;2023;;Industry standard/Expert judgment;local;Yuxi River Basin, china;Nitrogen cycle;mean value of particle N loads in Chaohu watershed;Total N load (kgN/km2);;;;;;3.58 kgN/km2;;;;;;;Local data exists
"Huang L.H.; Hu A.H.; Kuo C.-H.";Planetary boundary downscaling for absolute environmental sustainability assessment â€” Case study of Taiwan;2020;;Downscaling by actual framing of land area;country;taiwan;Nfer: N fertilizer use ;;Nfer: N fertilizer used (GgN/year);;;N fixation: 62–82 TgN/yr of industrial and intentional biological fixation of N;;;22.2 GgN/year;;;;;;;
Nykvist, B., Persson, Ã…., Moberg, F., Persson, L., Cornell, S. E., & RockstrÃ¶m, J.;National environmental performance on planetary boundaries;2013;top down;equal share per capita;country;sweden;Nitrogen cycle;maximum removal of N2 from the atmosphere but linked only to the industrial production of fertiliser;;;;35 Mt per year;;5 kgN/cap;45,000 tN ;;;;;;;
Nykvist, B., Persson, Ã…., Moberg, F., Persson, L., Cornell, S. E., & RockstrÃ¶m, J.;National environmental performance on planetary boundaries;2013;;country-dependent (relative to national resource base);country;sweden;Nitrogen cycle;;;;;;;;;;;;;;;
Rockstrom, J., Steffen, W., Noone, K., Persson, A., Chapin, F. S., Lambin, E. F., et al.;A safe operating space for humanity;2009;;;;;Amount of N2 removed from atmosphere for human use (MtN year-1).;;;;;35 MtN year-1 (25–35%).;;;;;;;;;;
Rockstrom, J., Steffen, W., Noone, K., Persson, A., Chapin, F. S., Lambin, E., et al.; Planetary boundaries: Exploring the safe operating space for humanity.;2009;;;global;world;Amount of N2 removed from atmosphere for human use (MtN year-1).;"slow variable affecting
overall resilience of
ecosystems via acidification
of terrestrial ecosystems and
eutrophication of coastal and
freshwater systems.";"Limit industrial
and agricultural
fixation of N2 to 35
Mt N yr-1, which is ~
25% of the total
amount of N2 fixed
per annum naturally
by terrestrial
ecosystems
(25%–35%)";;;35 MtN year-1 (25–35%).;;;;;;;;;;
W. Steffen, W. Broadgate, L. Deutsch, O. Gaffney, C. Ludwig;The trajectory of the anthropocene: the great acceleration;2015;;;;;global: Industrial and intentional biological fixation of N.;;;;;44 MtN year-1 (44 – 62 MtN).;;;;;;;;;;
Steffen, W., Richardson, K., Rockstrom, J., Cornell, S. E., Fetzer, I., Bennett, E. M., et al.;Planetary boundaries: Guiding human development on a changing planet.;2015;;;;;global: Industrial and intentional biological fixation of N.;;;;;44 MtN year-1 (44 – 62 MtN).;;;;;;;;;;
"Fanning A.L.; O'Neill D.W.";Tracking resource use relative to planetary boundaries in a steady-state framework: A case study of Canada and Spain;2016;bottom-up;Equal N per hectare of arable land;country;canada;N flow from fertilizers to arable land;;;;;∼45 kgN per ha per year;2009;;1970 ktN/yr;;1915 ktN/yr;;Territorial;;;
"Fanning A.L.; O'Neill D.W.";Tracking resource use relative to planetary boundaries in a steady-state framework: A case study of Canada and Spain;2016;bottom-up;Equal N per hectare of arable land;province;nova scotia;N flow from fertilizers to arable land;;;;;∼45 kgN per ha per year;2009;;6.48 ktN/yr;;7.34 ktN/yr;;Territorial;;;
"Fanning A.L.; O'Neill D.W.";Tracking resource use relative to planetary boundaries in a steady-state framework: A case study of Canada and Spain;2016;bottom-up;Equal N per hectare of arable land;country;spain;N flow from fertilizers to arable land;;;;;∼45 kgN per ha per year;2009;;562 ktN/yr;;781 ktN/yr;;Territorial;;;
"Fanning A.L.; O'Neill D.W.";Tracking resource use relative to planetary boundaries in a steady-state framework: A case study of Canada and Spain;2016;bottom-up;Equal N per hectare of arable land;region;andalucia;N flow from fertilizers to arable land;;;;;∼45 kgN per ha per year;2009;;101 ktN/yr;;201 ktN/yr;;Territorial;;;
"Cole M.J.; Bailey R.M.; New M.G.";Spatial variability in sustainable development trajectories in South Africa: provincial level safe and just operating spaces;2017;bottom-up;local biophysical threshold based on established research and expert judgment;country;south africa;Nitrogen application rate;Total maize production and estimated fertiliser use by province in 1990/91 and 2012/13 ;;;;;;;144 kgN/ha;;;;Not affected by scale;Brentrup and Palliere (2010);;
"Cole M.J.; Bailey R.M.; New M.G.";Spatial variability in sustainable development trajectories in South Africa: provincial level safe and just operating spaces;2017;bottom-up;local biophysical threshold based on established research and expert judgment;province;eastern cape;Nitrogen application rate;Total maize production and estimated fertiliser use by province in 1990/91 and 2012/13 ;;;;;;;144 kgN/ha;;;;Not affected by scale;;;
"Cole M.J.; Bailey R.M.; New M.G.";Spatial variability in sustainable development trajectories in South Africa: provincial level safe and just operating spaces;2017;bottom-up;local biophysical threshold based on established research and expert judgment;province;free state;Nitrogen application rate;Total maize production and estimated fertiliser use by province in 1990/91 and 2012/13 ;;;;;;;144 kgN/ha;;;;Not affected by scale;;;
"Cole M.J.; Bailey R.M.; New M.G.";Spatial variability in sustainable development trajectories in South Africa: provincial level safe and just operating spaces;2017;bottom-up;local biophysical threshold based on established research and expert judgment;province;Gauteng;Nitrogen application rate;Total maize production and estimated fertiliser use by province in 1990/91 and 2012/13 ;;;;;;;144 kgN/ha;;;;Not affected by scale;;;
"Cole M.J.; Bailey R.M.; New M.G.";Spatial variability in sustainable development trajectories in South Africa: provincial level safe and just operating spaces;2017;bottom-up;local biophysical threshold based on established research and expert judgment;province;KwaZulu-Natal;Nitrogen application rate;Total maize production and estimated fertiliser use by province in 1990/91 and 2012/13 ;;;;;;;144 kgN/ha;;;;Not affected by scale;;;
"Cole M.J.; Bailey R.M.; New M.G.";Spatial variability in sustainable development trajectories in South Africa: provincial level safe and just operating spaces;2017;bottom-up;local biophysical threshold based on established research and expert judgment;province;Limpopo;Nitrogen application rate;Total maize production and estimated fertiliser use by province in 1990/91 and 2012/13 ;;;;;;;144 kgN/ha;;;;Not affected by scale;;;
"Cole M.J.; Bailey R.M.; New M.G.";Spatial variability in sustainable development trajectories in South Africa: provincial level safe and just operating spaces;2017;bottom-up;local biophysical threshold based on established research and expert judgment;province;Mpumalanga;Nitrogen application rate;Total maize production and estimated fertiliser use by province in 1990/91 and 2012/13 ;;;;;;;144 kgN/ha;;;;Not affected by scale;;;
"Cole M.J.; Bailey R.M.; New M.G.";Spatial variability in sustainable development trajectories in South Africa: provincial level safe and just operating spaces;2017;bottom-up;local biophysical threshold based on established research and expert judgment;province;Northern Cape;Nitrogen application rate;Total maize production and estimated fertiliser use by province in 1990/91 and 2012/13 ;;;;;;;144 kgN/ha;;;;Not affected by scale;;;
"Cole M.J.; Bailey R.M.; New M.G.";Spatial variability in sustainable development trajectories in South Africa: provincial level safe and just operating spaces;2017;bottom-up;local biophysical threshold based on established research and expert judgment;province;North West;Nitrogen application rate;Total maize production and estimated fertiliser use by province in 1990/91 and 2012/13 ;;;;;;;144 kgN/ha;;;;Not affected by scale;;;
"Cole M.J.; Bailey R.M.; New M.G.";Spatial variability in sustainable development trajectories in South Africa: provincial level safe and just operating spaces;2017;bottom-up;local biophysical threshold based on established research and expert judgment;province;Western Cape;Nitrogen application rate;Total maize production and estimated fertiliser use by province in 1990/91 and 2012/13 ;;;;;;;144 kgN/ha;;;;Not affected by scale;;;
"Cole M.J.; Bailey R.M.; New M.G.";"Tracking sustainable development with a national barometer for South Africa using a downscaled ""safe and just space"" framework";2014;bottom-up;Local thresholds;country;south africa;Nitrogen application rate for maize production;;;;;;2012;;144 kgN/ha;85 kgN/ha;;;local;"FSSA 2013; Brentrup and Palliere 2010";;single local biophysical threshold
Fanning, A. L., O’Neill, D. W., Hickel, J., & Roux, N. ;The social shortfall and ecological overshoot of nations.;2022;top down;equal share per capita;country;Afghanistan;nitrogen;Consumption-based allocation of nitrogen from applied fertilizer;PB was divided for world population for each year ;;;62 TgN/yr;;8.4 kgN/cap;;;;3.39;;World Development Indicators | DataBank;;
Fanning, A. L., O’Neill, D. W., Hickel, J., & Roux, N. ;The social shortfall and ecological overshoot of nations.;2022;top down;equal share per capita;country;Albania;nitrogen;Consumption-based allocation of nitrogen from applied fertilizer;PB was divided for world population for each year ;;;62 TgN/yr;;8.4 kgN/cap;;;;2.11;;;;
Fanning, A. L., O’Neill, D. W., Hickel, J., & Roux, N. ;The social shortfall and ecological overshoot of nations.;2022;top down;equal share per capita;country;Algeria;nitrogen;Consumption-based allocation of nitrogen from applied fertilizer;PB was divided for world population for each year ;;;62 TgN/yr;;8.4 kgN/cap;;;;2.99;;;;
Fanning, A. L., O’Neill, D. W., Hickel, J., & Roux, N. ;The social shortfall and ecological overshoot of nations.;2022;top down;equal share per capita;country;Angola;nitrogen;Consumption-based allocation of nitrogen from applied fertilizer;PB was divided for world population for each year ;;;62 TgN/yr;;8.4 kgN/cap;;;;0.6;;;;
Fanning, A. L., O’Neill, D. W., Hickel, J., & Roux, N. ;The social shortfall and ecological overshoot of nations.;2022;top down;equal share per capita;country;Argentina;nitrogen;Consumption-based allocation of nitrogen from applied fertilizer;PB was divided for world population for each year ;;;62 TgN/yr;;8.4 kgN/cap;;;;8.1;;;;
Fanning, A. L., O’Neill, D. W., Hickel, J., & Roux, N. ;The social shortfall and ecological overshoot of nations.;2022;top down;equal share per capita;country;Armenia;nitrogen;Consumption-based allocation of nitrogen from applied fertilizer;PB was divided for world population for each year ;;;62 TgN/yr;;8.4 kgN/cap;;;;0.46;;;;
Fanning, A. L., O’Neill, D. W., Hickel, J., & Roux, N. ;The social shortfall and ecological overshoot of nations.;2022;top down;equal share per capita;country;Australia;nitrogen;Consumption-based allocation of nitrogen from applied fertilizer;PB was divided for world population for each year ;;;62 TgN/yr;;8.4 kgN/cap;;;;5.95;;;;
Fanning, A. L., O’Neill, D. W., Hickel, J., & Roux, N. ;The social shortfall and ecological overshoot of nations.;2022;top down;equal share per capita;country;Austria;nitrogen;Consumption-based allocation of nitrogen from applied fertilizer;PB was divided for world population for each year ;;;62 TgN/yr;;8.4 kgN/cap;;;;3.54;;;;
Fanning, A. L., O’Neill, D. W., Hickel, J., & Roux, N. ;The social shortfall and ecological overshoot of nations.;2022;top down;equal share per capita;country;Azerbaijan;nitrogen;Consumption-based allocation of nitrogen from applied fertilizer;PB was divided for world population for each year ;;;62 TgN/yr;;8.4 kgN/cap;;;;0.4;;;;
Fanning, A. L., O’Neill, D. W., Hickel, J., & Roux, N. ;The social shortfall and ecological overshoot of nations.;2022;top down;equal share per capita;country;Bangladesh;nitrogen;Consumption-based allocation of nitrogen from applied fertilizer;PB was divided for world population for each year ;;;62 TgN/yr;;8.4 kgN/cap;;;;0.74;;;;
Fanning, A. L., O’Neill, D. W., Hickel, J., & Roux, N. ;The social shortfall and ecological overshoot of nations.;2022;top down;equal share per capita;country;Belgium;nitrogen;Consumption-based allocation of nitrogen from applied fertilizer;PB was divided for world population for each year ;;;62 TgN/yr;;8.4 kgN/cap;;;;1.7;;;;
Fanning, A. L., O’Neill, D. W., Hickel, J., & Roux, N. ;The social shortfall and ecological overshoot of nations.;2022;top down;equal share per capita;country;Benin;nitrogen;Consumption-based allocation of nitrogen from applied fertilizer;PB was divided for world population for each year ;;;62 TgN/yr;;8.4 kgN/cap;;;;0.77;;;;
Fanning, A. L., O’Neill, D. W., Hickel, J., & Roux, N. ;The social shortfall and ecological overshoot of nations.;2022;top down;equal share per capita;country;Bolivia;nitrogen;Consumption-based allocation of nitrogen from applied fertilizer;PB was divided for world population for each year ;;;62 TgN/yr;;8.4 kgN/cap;;;;6.38;;;;
Fanning, A. L., O’Neill, D. W., Hickel, J., & Roux, N. ;The social shortfall and ecological overshoot of nations.;2022;top down;equal share per capita;country;Bosnia and Herzegovina;nitrogen;Consumption-based allocation of nitrogen from applied fertilizer;PB was divided for world population for each year ;;;62 TgN/yr;;8.4 kgN/cap;;;;2.82;;;;
Fanning, A. L., O’Neill, D. W., Hickel, J., & Roux, N. ;The social shortfall and ecological overshoot of nations.;2022;top down;equal share per capita;country;Botswana;nitrogen;Consumption-based allocation of nitrogen from applied fertilizer;PB was divided for world population for each year ;;;62 TgN/yr;;8.4 kgN/cap;;;;0.44;;;;
Fanning, A. L., O’Neill, D. W., Hickel, J., & Roux, N. ;The social shortfall and ecological overshoot of nations.;2022;top down;equal share per capita;country;Brazil;nitrogen;Consumption-based allocation of nitrogen from applied fertilizer;PB was divided for world population for each year ;;;62 TgN/yr;;8.4 kgN/cap;;;;6.42;;;;
Fanning, A. L., O’Neill, D. W., Hickel, J., & Roux, N. ;The social shortfall and ecological overshoot of nations.;2022;top down;equal share per capita;country;Bulgaria;nitrogen;Consumption-based allocation of nitrogen from applied fertilizer;PB was divided for world population for each year ;;;62 TgN/yr;;8.4 kgN/cap;;;;2.4;;;;
Fanning, A. L., O’Neill, D. W., Hickel, J., & Roux, N. ;The social shortfall and ecological overshoot of nations.;2022;top down;equal share per capita;country;Burkina Faso;nitrogen;Consumption-based allocation of nitrogen from applied fertilizer;PB was divided for world population for each year ;;;62 TgN/yr;;8.4 kgN/cap;;;;0.82;;;;
Fanning, A. L., O’Neill, D. W., Hickel, J., & Roux, N. ;The social shortfall and ecological overshoot of nations.;2022;top down;equal share per capita;country;Burundi;nitrogen;Consumption-based allocation of nitrogen from applied fertilizer;PB was divided for world population for each year ;;;62 TgN/yr;;8.4 kgN/cap;;;;0.55;;;;
Fanning, A. L., O’Neill, D. W., Hickel, J., & Roux, N. ;The social shortfall and ecological overshoot of nations.;2022;top down;equal share per capita;country;Cambodia;nitrogen;Consumption-based allocation of nitrogen from applied fertilizer;PB was divided for world population for each year ;;;62 TgN/yr;;8.4 kgN/cap;;;;2.17;;;;
Fanning, A. L., O’Neill, D. W., Hickel, J., & Roux, N. ;The social shortfall and ecological overshoot of nations.;2022;top down;equal share per capita;country;Cameroon;nitrogen;Consumption-based allocation of nitrogen from applied fertilizer;PB was divided for world population for each year ;;;62 TgN/yr;;8.4 kgN/cap;;;;0.66;;;;
Fanning, A. L., O’Neill, D. W., Hickel, J., & Roux, N. ;The social shortfall and ecological overshoot of nations.;2022;top down;equal share per capita;country;Canada;nitrogen;Consumption-based allocation of nitrogen from applied fertilizer;PB was divided for world population for each year ;;;62 TgN/yr;;8.4 kgN/cap;;;;8.99;;;;
Fanning, A. L., O’Neill, D. W., Hickel, J., & Roux, N. ;The social shortfall and ecological overshoot of nations.;2022;top down;equal share per capita;country;Central African Republic;nitrogen;Consumption-based allocation of nitrogen from applied fertilizer;PB was divided for world population for each year ;;;62 TgN/yr;;8.4 kgN/cap;;;;0.92;;;;
Fanning, A. L., O’Neill, D. W., Hickel, J., & Roux, N. ;The social shortfall and ecological overshoot of nations.;2022;top down;equal share per capita;country;Chad;nitrogen;Consumption-based allocation of nitrogen from applied fertilizer;PB was divided for world population for each year ;;;62 TgN/yr;;8.4 kgN/cap;;;;0.61;;;;
Fanning, A. L., O’Neill, D. W., Hickel, J., & Roux, N. ;The social shortfall and ecological overshoot of nations.;2022;top down;equal share per capita;country;Chile;nitrogen;Consumption-based allocation of nitrogen from applied fertilizer;PB was divided for world population for each year ;;;62 TgN/yr;;8.4 kgN/cap;;;;1.36;;;;
Fanning, A. L., O’Neill, D. W., Hickel, J., & Roux, N. ;The social shortfall and ecological overshoot of nations.;2022;top down;equal share per capita;country;China;nitrogen;Consumption-based allocation of nitrogen from applied fertilizer;PB was divided for world population for each year ;;;62 TgN/yr;;8.4 kgN/cap;;;;2.68;;;;
Fanning, A. L., O’Neill, D. W., Hickel, J., & Roux, N. ;The social shortfall and ecological overshoot of nations.;2022;top down;equal share per capita;country;Colombia;nitrogen;Consumption-based allocation of nitrogen from applied fertilizer;PB was divided for world population for each year ;;;62 TgN/yr;;8.4 kgN/cap;;;;1.08;;;;
Fanning, A. L., O’Neill, D. W., Hickel, J., & Roux, N. ;The social shortfall and ecological overshoot of nations.;2022;top down;equal share per capita;country;Congo, Dem. Rep.;nitrogen;Consumption-based allocation of nitrogen from applied fertilizer;PB was divided for world population for each year ;;;62 TgN/yr;;8.4 kgN/cap;;;;0.3;;;;
Fanning, A. L., O’Neill, D. W., Hickel, J., & Roux, N. ;The social shortfall and ecological overshoot of nations.;2022;top down;equal share per capita;country;Congo, Rep.;nitrogen;Consumption-based allocation of nitrogen from applied fertilizer;PB was divided for world population for each year ;;;62 TgN/yr;;8.4 kgN/cap;;;;0.37;;;;
Fanning, A. L., O’Neill, D. W., Hickel, J., & Roux, N. ;The social shortfall and ecological overshoot of nations.;2022;top down;equal share per capita;country;Costa Rica;nitrogen;Consumption-based allocation of nitrogen from applied fertilizer;PB was divided for world population for each year ;;;62 TgN/yr;;8.4 kgN/cap;;;;0.79;;;;
Fanning, A. L., O’Neill, D. W., Hickel, J., & Roux, N. ;The social shortfall and ecological overshoot of nations.;2022;top down;equal share per capita;country;Cote d'Ivoire;nitrogen;Consumption-based allocation of nitrogen from applied fertilizer;PB was divided for world population for each year ;;;62 TgN/yr;;8.4 kgN/cap;;;;0.46;;;;
Fanning, A. L., O’Neill, D. W., Hickel, J., & Roux, N. ;The social shortfall and ecological overshoot of nations.;2022;top down;equal share per capita;country;Croatia;nitrogen;Consumption-based allocation of nitrogen from applied fertilizer;PB was divided for world population for each year ;;;62 TgN/yr;;8.4 kgN/cap;;;;3.09;;;;
Fanning, A. L., O’Neill, D. W., Hickel, J., & Roux, N. ;The social shortfall and ecological overshoot of nations.;2022;top down;equal share per capita;country;Cuba;nitrogen;Consumption-based allocation of nitrogen from applied fertilizer;PB was divided for world population for each year ;;;62 TgN/yr;;8.4 kgN/cap;;;;2.42;;;;
Fanning, A. L., O’Neill, D. W., Hickel, J., & Roux, N. ;The social shortfall and ecological overshoot of nations.;2022;top down;equal share per capita;country;Czech Republic;nitrogen;Consumption-based allocation of nitrogen from applied fertilizer;PB was divided for world population for each year ;;;62 TgN/yr;;8.4 kgN/cap;;;;3.64;;;;
Fanning, A. L., O’Neill, D. W., Hickel, J., & Roux, N. ;The social shortfall and ecological overshoot of nations.;2022;top down;equal share per capita;country;Denmark;nitrogen;Consumption-based allocation of nitrogen from applied fertilizer;PB was divided for world population for each year ;;;62 TgN/yr;;8.4 kgN/cap;;;;3.71;;;;
Fanning, A. L., O’Neill, D. W., Hickel, J., & Roux, N. ;The social shortfall and ecological overshoot of nations.;2022;top down;equal share per capita;country;Dominican Republic;nitrogen;Consumption-based allocation of nitrogen from applied fertilizer;PB was divided for world population for each year ;;;62 TgN/yr;;8.4 kgN/cap;;;;0.85;;;;
Fanning, A. L., O’Neill, D. W., Hickel, J., & Roux, N. ;The social shortfall and ecological overshoot of nations.;2022;top down;equal share per capita;country;Ecuador;nitrogen;Consumption-based allocation of nitrogen from applied fertilizer;PB was divided for world population for each year ;;;62 TgN/yr;;8.4 kgN/cap;;;;2.33;;;;
Fanning, A. L., O’Neill, D. W., Hickel, J., & Roux, N. ;The social shortfall and ecological overshoot of nations.;2022;top down;equal share per capita;country;Egypt, Arab Rep.;nitrogen;Consumption-based allocation of nitrogen from applied fertilizer;PB was divided for world population for each year ;;;62 TgN/yr;;8.4 kgN/cap;;;;0.53;;;;
Fanning, A. L., O’Neill, D. W., Hickel, J., & Roux, N. ;The social shortfall and ecological overshoot of nations.;2022;top down;equal share per capita;country;El Salvador;nitrogen;Consumption-based allocation of nitrogen from applied fertilizer;PB was divided for world population for each year ;;;62 TgN/yr;;8.4 kgN/cap;;;;1.21;;;;
Fanning, A. L., O’Neill, D. W., Hickel, J., & Roux, N. ;The social shortfall and ecological overshoot of nations.;2022;top down;equal share per capita;country;Estonia;nitrogen;Consumption-based allocation of nitrogen from applied fertilizer;PB was divided for world population for each year ;;;62 TgN/yr;;8.4 kgN/cap;;;;5.21;;;;
Fanning, A. L., O’Neill, D. W., Hickel, J., & Roux, N. ;The social shortfall and ecological overshoot of nations.;2022;top down;equal share per capita;country;Eswatini;nitrogen;Consumption-based allocation of nitrogen from applied fertilizer;PB was divided for world population for each year ;;;62 TgN/yr;;8.4 kgN/cap;;;;NA;;;;
Fanning, A. L., O’Neill, D. W., Hickel, J., & Roux, N. ;The social shortfall and ecological overshoot of nations.;2022;top down;equal share per capita;country;Ethiopia;nitrogen;Consumption-based allocation of nitrogen from applied fertilizer;PB was divided for world population for each year ;;;62 TgN/yr;;8.4 kgN/cap;;;;NA;;;;
Fanning, A. L., O’Neill, D. W., Hickel, J., & Roux, N. ;The social shortfall and ecological overshoot of nations.;2022;top down;equal share per capita;country;Finland;nitrogen;Consumption-based allocation of nitrogen from applied fertilizer;PB was divided for world population for each year ;;;62 TgN/yr;;8.4 kgN/cap;;;;5.99;;;;
Fanning, A. L., O’Neill, D. W., Hickel, J., & Roux, N. ;The social shortfall and ecological overshoot of nations.;2022;top down;equal share per capita;country;France;nitrogen;Consumption-based allocation of nitrogen from applied fertilizer;PB was divided for world population for each year ;;;62 TgN/yr;;8.4 kgN/cap;;;;4.52;;;;
Fanning, A. L., O’Neill, D. W., Hickel, J., & Roux, N. ;The social shortfall and ecological overshoot of nations.;2022;top down;equal share per capita;country;Gabon;nitrogen;Consumption-based allocation of nitrogen from applied fertilizer;PB was divided for world population for each year ;;;62 TgN/yr;;8.4 kgN/cap;;;;0.79;;;;
Fanning, A. L., O’Neill, D. W., Hickel, J., & Roux, N. ;The social shortfall and ecological overshoot of nations.;2022;top down;equal share per capita;country;Gambia, The;nitrogen;Consumption-based allocation of nitrogen from applied fertilizer;PB was divided for world population for each year ;;;62 TgN/yr;;8.4 kgN/cap;;;;0.72;;;;
Fanning, A. L., O’Neill, D. W., Hickel, J., & Roux, N. ;The social shortfall and ecological overshoot of nations.;2022;top down;equal share per capita;country;Georgia;nitrogen;Consumption-based allocation of nitrogen from applied fertilizer;PB was divided for world population for each year ;;;62 TgN/yr;;8.4 kgN/cap;;;;0.43;;;;
Fanning, A. L., O’Neill, D. W., Hickel, J., & Roux, N. ;The social shortfall and ecological overshoot of nations.;2022;top down;equal share per capita;country;Germany;nitrogen;Consumption-based allocation of nitrogen from applied fertilizer;PB was divided for world population for each year ;;;62 TgN/yr;;8.4 kgN/cap;;;;3.51;;;;
Fanning, A. L., O’Neill, D. W., Hickel, J., & Roux, N. ;The social shortfall and ecological overshoot of nations.;2022;top down;equal share per capita;country;Ghana;nitrogen;Consumption-based allocation of nitrogen from applied fertilizer;PB was divided for world population for each year ;;;62 TgN/yr;;8.4 kgN/cap;;;;0.41;;;;
Fanning, A. L., O’Neill, D. W., Hickel, J., & Roux, N. ;The social shortfall and ecological overshoot of nations.;2022;top down;equal share per capita;country;Greece;nitrogen;Consumption-based allocation of nitrogen from applied fertilizer;PB was divided for world population for each year ;;;62 TgN/yr;;8.4 kgN/cap;;;;6.14;;;;
Fanning, A. L., O’Neill, D. W., Hickel, J., & Roux, N. ;The social shortfall and ecological overshoot of nations.;2022;top down;equal share per capita;country;Guatemala;nitrogen;Consumption-based allocation of nitrogen from applied fertilizer;PB was divided for world population for each year ;;;62 TgN/yr;;8.4 kgN/cap;;;;0.81;;;;
Fanning, A. L., O’Neill, D. W., Hickel, J., & Roux, N. ;The social shortfall and ecological overshoot of nations.;2022;top down;equal share per capita;country;Guinea;nitrogen;Consumption-based allocation of nitrogen from applied fertilizer;PB was divided for world population for each year ;;;62 TgN/yr;;8.4 kgN/cap;;;;0.74;;;;
Fanning, A. L., O’Neill, D. W., Hickel, J., & Roux, N. ;The social shortfall and ecological overshoot of nations.;2022;top down;equal share per capita;country;Haiti;nitrogen;Consumption-based allocation of nitrogen from applied fertilizer;PB was divided for world population for each year ;;;62 TgN/yr;;8.4 kgN/cap;;;;1.04;;;;
Fanning, A. L., O’Neill, D. W., Hickel, J., & Roux, N. ;The social shortfall and ecological overshoot of nations.;2022;top down;equal share per capita;country;Honduras;nitrogen;Consumption-based allocation of nitrogen from applied fertilizer;PB was divided for world population for each year ;;;62 TgN/yr;;8.4 kgN/cap;;;;1.02;;;;
Fanning, A. L., O’Neill, D. W., Hickel, J., & Roux, N. ;The social shortfall and ecological overshoot of nations.;2022;top down;equal share per capita;country;Hungary;nitrogen;Consumption-based allocation of nitrogen from applied fertilizer;PB was divided for world population for each year ;;;62 TgN/yr;;8.4 kgN/cap;;;;3.29;;;;
Fanning, A. L., O’Neill, D. W., Hickel, J., & Roux, N. ;The social shortfall and ecological overshoot of nations.;2022;top down;equal share per capita;country;India;nitrogen;Consumption-based allocation of nitrogen from applied fertilizer;PB was divided for world population for each year ;;;62 TgN/yr;;8.4 kgN/cap;;;;2.21;;;;
Fanning, A. L., O’Neill, D. W., Hickel, J., & Roux, N. ;The social shortfall and ecological overshoot of nations.;2022;top down;equal share per capita;country;Indonesia;nitrogen;Consumption-based allocation of nitrogen from applied fertilizer;PB was divided for world population for each year ;;;62 TgN/yr;;8.4 kgN/cap;;;;2.05;;;;
Fanning, A. L., O’Neill, D. W., Hickel, J., & Roux, N. ;The social shortfall and ecological overshoot of nations.;2022;top down;equal share per capita;country;Iran, Islamic Rep.;nitrogen;Consumption-based allocation of nitrogen from applied fertilizer;PB was divided for world population for each year ;;;62 TgN/yr;;8.4 kgN/cap;;;;2.47;;;;
Fanning, A. L., O’Neill, D. W., Hickel, J., & Roux, N. ;The social shortfall and ecological overshoot of nations.;2022;top down;equal share per capita;country;Iraq;nitrogen;Consumption-based allocation of nitrogen from applied fertilizer;PB was divided for world population for each year ;;;62 TgN/yr;;8.4 kgN/cap;;;;1.25;;;;
Fanning, A. L., O’Neill, D. W., Hickel, J., & Roux, N. ;The social shortfall and ecological overshoot of nations.;2022;top down;equal share per capita;country;Ireland;nitrogen;Consumption-based allocation of nitrogen from applied fertilizer;PB was divided for world population for each year ;;;62 TgN/yr;;8.4 kgN/cap;;;;2.06;;;;
Fanning, A. L., O’Neill, D. W., Hickel, J., & Roux, N. ;The social shortfall and ecological overshoot of nations.;2022;top down;equal share per capita;country;Israel;nitrogen;Consumption-based allocation of nitrogen from applied fertilizer;PB was divided for world population for each year ;;;62 TgN/yr;;8.4 kgN/cap;;;;NA;;;;
Fanning, A. L., O’Neill, D. W., Hickel, J., & Roux, N. ;The social shortfall and ecological overshoot of nations.;2022;top down;equal share per capita;country;Italy;nitrogen;Consumption-based allocation of nitrogen from applied fertilizer;PB was divided for world population for each year ;;;62 TgN/yr;;8.4 kgN/cap;;;;3.25;;;;
Fanning, A. L., O’Neill, D. W., Hickel, J., & Roux, N. ;The social shortfall and ecological overshoot of nations.;2022;top down;equal share per capita;country;Jamaica;nitrogen;Consumption-based allocation of nitrogen from applied fertilizer;PB was divided for world population for each year ;;;62 TgN/yr;;8.4 kgN/cap;;;;0.73;;;;
Fanning, A. L., O’Neill, D. W., Hickel, J., & Roux, N. ;The social shortfall and ecological overshoot of nations.;2022;top down;equal share per capita;country;Japan;nitrogen;Consumption-based allocation of nitrogen from applied fertilizer;PB was divided for world population for each year ;;;62 TgN/yr;;8.4 kgN/cap;;;;NA;;;;
Fanning, A. L., O’Neill, D. W., Hickel, J., & Roux, N. ;The social shortfall and ecological overshoot of nations.;2022;top down;equal share per capita;country;Jordan;nitrogen;Consumption-based allocation of nitrogen from applied fertilizer;PB was divided for world population for each year ;;;62 TgN/yr;;8.4 kgN/cap;;;;0.44;;;;
Fanning, A. L., O’Neill, D. W., Hickel, J., & Roux, N. ;The social shortfall and ecological overshoot of nations.;2022;top down;equal share per capita;country;Kazakhstan;nitrogen;Consumption-based allocation of nitrogen from applied fertilizer;PB was divided for world population for each year ;;;62 TgN/yr;;8.4 kgN/cap;;;;7.86;;;;
Fanning, A. L., O’Neill, D. W., Hickel, J., & Roux, N. ;The social shortfall and ecological overshoot of nations.;2022;top down;equal share per capita;country;Kenya;nitrogen;Consumption-based allocation of nitrogen from applied fertilizer;PB was divided for world population for each year ;;;62 TgN/yr;;8.4 kgN/cap;;;;0.56;;;;
Fanning, A. L., O’Neill, D. W., Hickel, J., & Roux, N. ;The social shortfall and ecological overshoot of nations.;2022;top down;equal share per capita;country;Korea, Dem. People’s Rep.;nitrogen;Consumption-based allocation of nitrogen from applied fertilizer;PB was divided for world population for each year ;;;62 TgN/yr;;8.4 kgN/cap;;;;1.23;;;;
Fanning, A. L., O’Neill, D. W., Hickel, J., & Roux, N. ;The social shortfall and ecological overshoot of nations.;2022;top down;equal share per capita;country;Korea, Rep.;nitrogen;Consumption-based allocation of nitrogen from applied fertilizer;PB was divided for world population for each year ;;;62 TgN/yr;;8.4 kgN/cap;;;;1.74;;;;
Fanning, A. L., O’Neill, D. W., Hickel, J., & Roux, N. ;The social shortfall and ecological overshoot of nations.;2022;top down;equal share per capita;country;Kyrgyz Republic;nitrogen;Consumption-based allocation of nitrogen from applied fertilizer;PB was divided for world population for each year ;;;62 TgN/yr;;8.4 kgN/cap;;;;1.15;;;;
Fanning, A. L., O’Neill, D. W., Hickel, J., & Roux, N. ;The social shortfall and ecological overshoot of nations.;2022;top down;equal share per capita;country;Lao PDR;nitrogen;Consumption-based allocation of nitrogen from applied fertilizer;PB was divided for world population for each year ;;;62 TgN/yr;;8.4 kgN/cap;;;;1.31;;;;
Fanning, A. L., O’Neill, D. W., Hickel, J., & Roux, N. ;The social shortfall and ecological overshoot of nations.;2022;top down;equal share per capita;country;Latvia;nitrogen;Consumption-based allocation of nitrogen from applied fertilizer;PB was divided for world population for each year ;;;62 TgN/yr;;8.4 kgN/cap;;;;7.01;;;;
Fanning, A. L., O’Neill, D. W., Hickel, J., & Roux, N. ;The social shortfall and ecological overshoot of nations.;2022;top down;equal share per capita;country;Lebanon;nitrogen;Consumption-based allocation of nitrogen from applied fertilizer;PB was divided for world population for each year ;;;62 TgN/yr;;8.4 kgN/cap;;;;0.68;;;;
Fanning, A. L., O’Neill, D. W., Hickel, J., & Roux, N. ;The social shortfall and ecological overshoot of nations.;2022;top down;equal share per capita;country;Lesotho;nitrogen;Consumption-based allocation of nitrogen from applied fertilizer;PB was divided for world population for each year ;;;62 TgN/yr;;8.4 kgN/cap;;;;0.54;;;;
Fanning, A. L., O’Neill, D. W., Hickel, J., & Roux, N. ;The social shortfall and ecological overshoot of nations.;2022;top down;equal share per capita;country;Liberia;nitrogen;Consumption-based allocation of nitrogen from applied fertilizer;PB was divided for world population for each year ;;;62 TgN/yr;;8.4 kgN/cap;;;;0.21;;;;
Fanning, A. L., O’Neill, D. W., Hickel, J., & Roux, N. ;The social shortfall and ecological overshoot of nations.;2022;top down;equal share per capita;country;Libya;nitrogen;Consumption-based allocation of nitrogen from applied fertilizer;PB was divided for world population for each year ;;;62 TgN/yr;;8.4 kgN/cap;;;;4.42;;;;
Fanning, A. L., O’Neill, D. W., Hickel, J., & Roux, N. ;The social shortfall and ecological overshoot of nations.;2022;top down;equal share per capita;country;Lithuania;nitrogen;Consumption-based allocation of nitrogen from applied fertilizer;PB was divided for world population for each year ;;;62 TgN/yr;;8.4 kgN/cap;;;;7.18;;;;
Fanning, A. L., O’Neill, D. W., Hickel, J., & Roux, N. ;The social shortfall and ecological overshoot of nations.;2022;top down;equal share per capita;country;Madagascar;nitrogen;Consumption-based allocation of nitrogen from applied fertilizer;PB was divided for world population for each year ;;;62 TgN/yr;;8.4 kgN/cap;;;;NA;;;;
Fanning, A. L., O’Neill, D. W., Hickel, J., & Roux, N. ;The social shortfall and ecological overshoot of nations.;2022;top down;equal share per capita;country;Malawi;nitrogen;Consumption-based allocation of nitrogen from applied fertilizer;PB was divided for world population for each year ;;;62 TgN/yr;;8.4 kgN/cap;;;;0.38;;;;
Fanning, A. L., O’Neill, D. W., Hickel, J., & Roux, N. ;The social shortfall and ecological overshoot of nations.;2022;top down;equal share per capita;country;Malaysia;nitrogen;Consumption-based allocation of nitrogen from applied fertilizer;PB was divided for world population for each year ;;;62 TgN/yr;;8.4 kgN/cap;;;;4.19;;;;
Fanning, A. L., O’Neill, D. W., Hickel, J., & Roux, N. ;The social shortfall and ecological overshoot of nations.;2022;top down;equal share per capita;country;Mali;nitrogen;Consumption-based allocation of nitrogen from applied fertilizer;PB was divided for world population for each year ;;;62 TgN/yr;;8.4 kgN/cap;;;;0.89;;;;
Fanning, A. L., O’Neill, D. W., Hickel, J., & Roux, N. ;The social shortfall and ecological overshoot of nations.;2022;top down;equal share per capita;country;Mauritania;nitrogen;Consumption-based allocation of nitrogen from applied fertilizer;PB was divided for world population for each year ;;;62 TgN/yr;;8.4 kgN/cap;;;;0.13;;;;
Fanning, A. L., O’Neill, D. W., Hickel, J., & Roux, N. ;The social shortfall and ecological overshoot of nations.;2022;top down;equal share per capita;country;Mauritius;nitrogen;Consumption-based allocation of nitrogen from applied fertilizer;PB was divided for world population for each year ;;;62 TgN/yr;;8.4 kgN/cap;;;;0.5;;;;
Fanning, A. L., O’Neill, D. W., Hickel, J., & Roux, N. ;The social shortfall and ecological overshoot of nations.;2022;top down;equal share per capita;country;Mexico;nitrogen;Consumption-based allocation of nitrogen from applied fertilizer;PB was divided for world population for each year ;;;62 TgN/yr;;8.4 kgN/cap;;;;2.14;;;;
Fanning, A. L., O’Neill, D. W., Hickel, J., & Roux, N. ;The social shortfall and ecological overshoot of nations.;2022;top down;equal share per capita;country;Moldova;nitrogen;Consumption-based allocation of nitrogen from applied fertilizer;PB was divided for world population for each year ;;;62 TgN/yr;;8.4 kgN/cap;;;;NA;;;;
Fanning, A. L., O’Neill, D. W., Hickel, J., & Roux, N. ;The social shortfall and ecological overshoot of nations.;2022;top down;equal share per capita;country;Mongolia;nitrogen;Consumption-based allocation of nitrogen from applied fertilizer;PB was divided for world population for each year ;;;62 TgN/yr;;8.4 kgN/cap;;;;3.08;;;;
Fanning, A. L., O’Neill, D. W., Hickel, J., & Roux, N. ;The social shortfall and ecological overshoot of nations.;2022;top down;equal share per capita;country;Morocco;nitrogen;Consumption-based allocation of nitrogen from applied fertilizer;PB was divided for world population for each year ;;;62 TgN/yr;;8.4 kgN/cap;;;;2.33;;;;
Fanning, A. L., O’Neill, D. W., Hickel, J., & Roux, N. ;The social shortfall and ecological overshoot of nations.;2022;top down;equal share per capita;country;Mozambique;nitrogen;Consumption-based allocation of nitrogen from applied fertilizer;PB was divided for world population for each year ;;;62 TgN/yr;;8.4 kgN/cap;;;;0.52;;;;
Fanning, A. L., O’Neill, D. W., Hickel, J., & Roux, N. ;The social shortfall and ecological overshoot of nations.;2022;top down;equal share per capita;country;Myanmar;nitrogen;Consumption-based allocation of nitrogen from applied fertilizer;PB was divided for world population for each year ;;;62 TgN/yr;;8.4 kgN/cap;;;;1.8;;;;
Fanning, A. L., O’Neill, D. W., Hickel, J., & Roux, N. ;The social shortfall and ecological overshoot of nations.;2022;top down;equal share per capita;country;Namibia;nitrogen;Consumption-based allocation of nitrogen from applied fertilizer;PB was divided for world population for each year ;;;62 TgN/yr;;8.4 kgN/cap;;;;0.72;;;;
Fanning, A. L., O’Neill, D. W., Hickel, J., & Roux, N. ;The social shortfall and ecological overshoot of nations.;2022;top down;equal share per capita;country;Nepal;nitrogen;Consumption-based allocation of nitrogen from applied fertilizer;PB was divided for world population for each year ;;;62 TgN/yr;;8.4 kgN/cap;;;;1.09;;;;
Fanning, A. L., O’Neill, D. W., Hickel, J., & Roux, N. ;The social shortfall and ecological overshoot of nations.;2022;top down;equal share per capita;country;Netherlands;nitrogen;Consumption-based allocation of nitrogen from applied fertilizer;PB was divided for world population for each year ;;;62 TgN/yr;;8.4 kgN/cap;;;;1.68;;;;
Fanning, A. L., O’Neill, D. W., Hickel, J., & Roux, N. ;The social shortfall and ecological overshoot of nations.;2022;top down;equal share per capita;country;New Zealand;nitrogen;Consumption-based allocation of nitrogen from applied fertilizer;PB was divided for world population for each year ;;;62 TgN/yr;;8.4 kgN/cap;;;;NA;;;;
Fanning, A. L., O’Neill, D. W., Hickel, J., & Roux, N. ;The social shortfall and ecological overshoot of nations.;2022;top down;equal share per capita;country;Nicaragua;nitrogen;Consumption-based allocation of nitrogen from applied fertilizer;PB was divided for world population for each year ;;;62 TgN/yr;;8.4 kgN/cap;;;;1.67;;;;
Fanning, A. L., O’Neill, D. W., Hickel, J., & Roux, N. ;The social shortfall and ecological overshoot of nations.;2022;top down;equal share per capita;country;Niger;nitrogen;Consumption-based allocation of nitrogen from applied fertilizer;PB was divided for world population for each year ;;;62 TgN/yr;;8.4 kgN/cap;;;;2.35;;;;
Fanning, A. L., O’Neill, D. W., Hickel, J., & Roux, N. ;The social shortfall and ecological overshoot of nations.;2022;top down;equal share per capita;country;Nigeria;nitrogen;Consumption-based allocation of nitrogen from applied fertilizer;PB was divided for world population for each year ;;;62 TgN/yr;;8.4 kgN/cap;;;;0.56;;;;
Fanning, A. L., O’Neill, D. W., Hickel, J., & Roux, N. ;The social shortfall and ecological overshoot of nations.;2022;top down;equal share per capita;country;North Macedonia;nitrogen;Consumption-based allocation of nitrogen from applied fertilizer;PB was divided for world population for each year ;;;62 TgN/yr;;8.4 kgN/cap;;;;2.53;;;;
Fanning, A. L., O’Neill, D. W., Hickel, J., & Roux, N. ;The social shortfall and ecological overshoot of nations.;2022;top down;equal share per capita;country;Norway;nitrogen;Consumption-based allocation of nitrogen from applied fertilizer;PB was divided for world population for each year ;;;62 TgN/yr;;8.4 kgN/cap;;;;6.35;;;;
Fanning, A. L., O’Neill, D. W., Hickel, J., & Roux, N. ;The social shortfall and ecological overshoot of nations.;2022;top down;equal share per capita;country;Oman;nitrogen;Consumption-based allocation of nitrogen from applied fertilizer;PB was divided for world population for each year ;;;62 TgN/yr;;8.4 kgN/cap;;;;0.29;;;;
Fanning, A. L., O’Neill, D. W., Hickel, J., & Roux, N. ;The social shortfall and ecological overshoot of nations.;2022;top down;equal share per capita;country;Pakistan;nitrogen;Consumption-based allocation of nitrogen from applied fertilizer;PB was divided for world population for each year ;;;62 TgN/yr;;8.4 kgN/cap;;;;2.1;;;;
Fanning, A. L., O’Neill, D. W., Hickel, J., & Roux, N. ;The social shortfall and ecological overshoot of nations.;2022;top down;equal share per capita;country;Panama;nitrogen;Consumption-based allocation of nitrogen from applied fertilizer;PB was divided for world population for each year ;;;62 TgN/yr;;8.4 kgN/cap;;;;1.81;;;;
Fanning, A. L., O’Neill, D. W., Hickel, J., & Roux, N. ;The social shortfall and ecological overshoot of nations.;2022;top down;equal share per capita;country;Papua New Guinea;nitrogen;Consumption-based allocation of nitrogen from applied fertilizer;PB was divided for world population for each year ;;;62 TgN/yr;;8.4 kgN/cap;;;;1.08;;;;
Fanning, A. L., O’Neill, D. W., Hickel, J., & Roux, N. ;The social shortfall and ecological overshoot of nations.;2022;top down;equal share per capita;country;Paraguay;nitrogen;Consumption-based allocation of nitrogen from applied fertilizer;PB was divided for world population for each year ;;;62 TgN/yr;;8.4 kgN/cap;;;;8.69;;;;
Fanning, A. L., O’Neill, D. W., Hickel, J., & Roux, N. ;The social shortfall and ecological overshoot of nations.;2022;top down;equal share per capita;country;Peru;nitrogen;Consumption-based allocation of nitrogen from applied fertilizer;PB was divided for world population for each year ;;;62 TgN/yr;;8.4 kgN/cap;;;;2.46;;;;
Fanning, A. L., O’Neill, D. W., Hickel, J., & Roux, N. ;The social shortfall and ecological overshoot of nations.;2022;top down;equal share per capita;country;Philippines;nitrogen;Consumption-based allocation of nitrogen from applied fertilizer;PB was divided for world population for each year ;;;62 TgN/yr;;8.4 kgN/cap;;;;1.46;;;;
Fanning, A. L., O’Neill, D. W., Hickel, J., & Roux, N. ;The social shortfall and ecological overshoot of nations.;2022;top down;equal share per capita;country;Poland;nitrogen;Consumption-based allocation of nitrogen from applied fertilizer;PB was divided for world population for each year ;;;62 TgN/yr;;8.4 kgN/cap;;;;3.21;;;;
Fanning, A. L., O’Neill, D. W., Hickel, J., & Roux, N. ;The social shortfall and ecological overshoot of nations.;2022;top down;equal share per capita;country;Portugal;nitrogen;Consumption-based allocation of nitrogen from applied fertilizer;PB was divided for world population for each year ;;;62 TgN/yr;;8.4 kgN/cap;;;;2.76;;;;
Fanning, A. L., O’Neill, D. W., Hickel, J., & Roux, N. ;The social shortfall and ecological overshoot of nations.;2022;top down;equal share per capita;country;Qatar;nitrogen;Consumption-based allocation of nitrogen from applied fertilizer;PB was divided for world population for each year ;;;62 TgN/yr;;8.4 kgN/cap;;;;NA;;;;
Fanning, A. L., O’Neill, D. W., Hickel, J., & Roux, N. ;The social shortfall and ecological overshoot of nations.;2022;top down;equal share per capita;country;Romania;nitrogen;Consumption-based allocation of nitrogen from applied fertilizer;PB was divided for world population for each year ;;;62 TgN/yr;;8.4 kgN/cap;;;;5.52;;;;
Fanning, A. L., O’Neill, D. W., Hickel, J., & Roux, N. ;The social shortfall and ecological overshoot of nations.;2022;top down;equal share per capita;country;Russian Federation;nitrogen;Consumption-based allocation of nitrogen from applied fertilizer;PB was divided for world population for each year ;;;62 TgN/yr;;8.4 kgN/cap;;;;3;;;;
Fanning, A. L., O’Neill, D. W., Hickel, J., & Roux, N. ;The social shortfall and ecological overshoot of nations.;2022;top down;equal share per capita;country;Rwanda;nitrogen;Consumption-based allocation of nitrogen from applied fertilizer;PB was divided for world population for each year ;;;62 TgN/yr;;8.4 kgN/cap;;;;0.49;;;;
Fanning, A. L., O’Neill, D. W., Hickel, J., & Roux, N. ;The social shortfall and ecological overshoot of nations.;2022;top down;equal share per capita;country;Saudi Arabia;nitrogen;Consumption-based allocation of nitrogen from applied fertilizer;PB was divided for world population for each year ;;;62 TgN/yr;;8.4 kgN/cap;;;;3.22;;;;
Fanning, A. L., O’Neill, D. W., Hickel, J., & Roux, N. ;The social shortfall and ecological overshoot of nations.;2022;top down;equal share per capita;country;Senegal;nitrogen;Consumption-based allocation of nitrogen from applied fertilizer;PB was divided for world population for each year ;;;62 TgN/yr;;8.4 kgN/cap;;;;0.53;;;;
Fanning, A. L., O’Neill, D. W., Hickel, J., & Roux, N. ;The social shortfall and ecological overshoot of nations.;2022;top down;equal share per capita;country;Serbia;nitrogen;Consumption-based allocation of nitrogen from applied fertilizer;PB was divided for world population for each year ;;;62 TgN/yr;;8.4 kgN/cap;;;;4.4;;;;
Fanning, A. L., O’Neill, D. W., Hickel, J., & Roux, N. ;The social shortfall and ecological overshoot of nations.;2022;top down;equal share per capita;country;Sierra Leone;nitrogen;Consumption-based allocation of nitrogen from applied fertilizer;PB was divided for world population for each year ;;;62 TgN/yr;;8.4 kgN/cap;;;;0.66;;;;
Fanning, A. L., O’Neill, D. W., Hickel, J., & Roux, N. ;The social shortfall and ecological overshoot of nations.;2022;top down;equal share per capita;country;Singapore;nitrogen;Consumption-based allocation of nitrogen from applied fertilizer;PB was divided for world population for each year ;;;62 TgN/yr;;8.4 kgN/cap;;;;NA;;;;
Fanning, A. L., O’Neill, D. W., Hickel, J., & Roux, N. ;The social shortfall and ecological overshoot of nations.;2022;top down;equal share per capita;country;Slovak Republic;nitrogen;Consumption-based allocation of nitrogen from applied fertilizer;PB was divided for world population for each year ;;;62 TgN/yr;;8.4 kgN/cap;;;;4.25;;;;
Fanning, A. L., O’Neill, D. W., Hickel, J., & Roux, N. ;The social shortfall and ecological overshoot of nations.;2022;top down;equal share per capita;country;Slovenia;nitrogen;Consumption-based allocation of nitrogen from applied fertilizer;PB was divided for world population for each year ;;;62 TgN/yr;;8.4 kgN/cap;;;;2.05;;;;
Fanning, A. L., O’Neill, D. W., Hickel, J., & Roux, N. ;The social shortfall and ecological overshoot of nations.;2022;top down;equal share per capita;country;Somalia;nitrogen;Consumption-based allocation of nitrogen from applied fertilizer;PB was divided for world population for each year ;;;62 TgN/yr;;8.4 kgN/cap;;;;0.34;;;;
Fanning, A. L., O’Neill, D. W., Hickel, J., & Roux, N. ;The social shortfall and ecological overshoot of nations.;2022;top down;equal share per capita;country;South Africa;nitrogen;Consumption-based allocation of nitrogen from applied fertilizer;PB was divided for world population for each year ;;;62 TgN/yr;;8.4 kgN/cap;;;;1.57;;;;
Fanning, A. L., O’Neill, D. W., Hickel, J., & Roux, N. ;The social shortfall and ecological overshoot of nations.;2022;top down;equal share per capita;country;South Sudan;nitrogen;Consumption-based allocation of nitrogen from applied fertilizer;PB was divided for world population for each year ;;;62 TgN/yr;;8.4 kgN/cap;;;;NA;;;;
Fanning, A. L., O’Neill, D. W., Hickel, J., & Roux, N. ;The social shortfall and ecological overshoot of nations.;2022;top down;equal share per capita;country;Spain;nitrogen;Consumption-based allocation of nitrogen from applied fertilizer;PB was divided for world population for each year ;;;62 TgN/yr;;8.4 kgN/cap;;;;4.87;;;;
Fanning, A. L., O’Neill, D. W., Hickel, J., & Roux, N. ;The social shortfall and ecological overshoot of nations.;2022;top down;equal share per capita;country;Sri Lanka;nitrogen;Consumption-based allocation of nitrogen from applied fertilizer;PB was divided for world population for each year ;;;62 TgN/yr;;8.4 kgN/cap;;;;1.67;;;;
Fanning, A. L., O’Neill, D. W., Hickel, J., & Roux, N. ;The social shortfall and ecological overshoot of nations.;2022;top down;equal share per capita;country;Sudan;nitrogen;Consumption-based allocation of nitrogen from applied fertilizer;PB was divided for world population for each year ;;;62 TgN/yr;;8.4 kgN/cap;;;;NA;;;;
Fanning, A. L., O’Neill, D. W., Hickel, J., & Roux, N. ;The social shortfall and ecological overshoot of nations.;2022;top down;equal share per capita;country;Sweden;nitrogen;Consumption-based allocation of nitrogen from applied fertilizer;PB was divided for world population for each year ;;;62 TgN/yr;;8.4 kgN/cap;;;;5.76;;;;
Fanning, A. L., O’Neill, D. W., Hickel, J., & Roux, N. ;The social shortfall and ecological overshoot of nations.;2022;top down;equal share per capita;country;Switzerland;nitrogen;Consumption-based allocation of nitrogen from applied fertilizer;PB was divided for world population for each year ;;;62 TgN/yr;;8.4 kgN/cap;;;;2.6;;;;
Fanning, A. L., O’Neill, D. W., Hickel, J., & Roux, N. ;The social shortfall and ecological overshoot of nations.;2022;top down;equal share per capita;country;Syrian Arab Republic;nitrogen;Consumption-based allocation of nitrogen from applied fertilizer;PB was divided for world population for each year ;;;62 TgN/yr;;8.4 kgN/cap;;;;1.87;;;;
Fanning, A. L., O’Neill, D. W., Hickel, J., & Roux, N. ;The social shortfall and ecological overshoot of nations.;2022;top down;equal share per capita;country;Tajikistan;nitrogen;Consumption-based allocation of nitrogen from applied fertilizer;PB was divided for world population for each year ;;;62 TgN/yr;;8.4 kgN/cap;;;;0.24;;;;
Fanning, A. L., O’Neill, D. W., Hickel, J., & Roux, N. ;The social shortfall and ecological overshoot of nations.;2022;top down;equal share per capita;country;Tanzania;nitrogen;Consumption-based allocation of nitrogen from applied fertilizer;PB was divided for world population for each year ;;;62 TgN/yr;;8.4 kgN/cap;;;;0.44;;;;
Fanning, A. L., O’Neill, D. W., Hickel, J., & Roux, N. ;The social shortfall and ecological overshoot of nations.;2022;top down;equal share per capita;country;Thailand;nitrogen;Consumption-based allocation of nitrogen from applied fertilizer;PB was divided for world population for each year ;;;62 TgN/yr;;8.4 kgN/cap;;;;3.3;;;;
Fanning, A. L., O’Neill, D. W., Hickel, J., & Roux, N. ;The social shortfall and ecological overshoot of nations.;2022;top down;equal share per capita;country;Togo;nitrogen;Consumption-based allocation of nitrogen from applied fertilizer;PB was divided for world population for each year ;;;62 TgN/yr;;8.4 kgN/cap;;;;0.75;;;;
Fanning, A. L., O’Neill, D. W., Hickel, J., & Roux, N. ;The social shortfall and ecological overshoot of nations.;2022;top down;equal share per capita;country;Trinidad and Tobago;nitrogen;Consumption-based allocation of nitrogen from applied fertilizer;PB was divided for world population for each year ;;;62 TgN/yr;;8.4 kgN/cap;;;;0.48;;;;
Fanning, A. L., O’Neill, D. W., Hickel, J., & Roux, N. ;The social shortfall and ecological overshoot of nations.;2022;top down;equal share per capita;country;Tunisia;nitrogen;Consumption-based allocation of nitrogen from applied fertilizer;PB was divided for world population for each year ;;;62 TgN/yr;;8.4 kgN/cap;;;;5.85;;;;
Fanning, A. L., O’Neill, D. W., Hickel, J., & Roux, N. ;The social shortfall and ecological overshoot of nations.;2022;top down;equal share per capita;country;Turkey;nitrogen;Consumption-based allocation of nitrogen from applied fertilizer;PB was divided for world population for each year ;;;62 TgN/yr;;8.4 kgN/cap;;;;3.65;;;;
Fanning, A. L., O’Neill, D. W., Hickel, J., & Roux, N. ;The social shortfall and ecological overshoot of nations.;2022;top down;equal share per capita;country;Turkmenistan;nitrogen;Consumption-based allocation of nitrogen from applied fertilizer;PB was divided for world population for each year ;;;62 TgN/yr;;8.4 kgN/cap;;;;0.87;;;;
Fanning, A. L., O’Neill, D. W., Hickel, J., & Roux, N. ;The social shortfall and ecological overshoot of nations.;2022;top down;equal share per capita;country;Uganda;nitrogen;Consumption-based allocation of nitrogen from applied fertilizer;PB was divided for world population for each year ;;;62 TgN/yr;;8.4 kgN/cap;;;;0.69;;;;
Fanning, A. L., O’Neill, D. W., Hickel, J., & Roux, N. ;The social shortfall and ecological overshoot of nations.;2022;top down;equal share per capita;country;Ukraine;nitrogen;Consumption-based allocation of nitrogen from applied fertilizer;PB was divided for world population for each year ;;;62 TgN/yr;;8.4 kgN/cap;;;;4.07;;;;
Fanning, A. L., O’Neill, D. W., Hickel, J., & Roux, N. ;The social shortfall and ecological overshoot of nations.;2022;top down;equal share per capita;country;United Arab Emirates;nitrogen;Consumption-based allocation of nitrogen from applied fertilizer;PB was divided for world population for each year ;;;62 TgN/yr;;8.4 kgN/cap;;;;0.63;;;;
Fanning, A. L., O’Neill, D. W., Hickel, J., & Roux, N. ;The social shortfall and ecological overshoot of nations.;2022;top down;equal share per capita;country;United Kingdom;nitrogen;Consumption-based allocation of nitrogen from applied fertilizer;PB was divided for world population for each year ;;;62 TgN/yr;;8.4 kgN/cap;;;;2.04;;;;
Fanning, A. L., O’Neill, D. W., Hickel, J., & Roux, N. ;The social shortfall and ecological overshoot of nations.;2022;top down;equal share per capita;country;United States;nitrogen;Consumption-based allocation of nitrogen from applied fertilizer;PB was divided for world population for each year ;;;62 TgN/yr;;8.4 kgN/cap;;;;7.18;;;;
Fanning, A. L., O’Neill, D. W., Hickel, J., & Roux, N. ;The social shortfall and ecological overshoot of nations.;2022;top down;equal share per capita;country;Uruguay;nitrogen;Consumption-based allocation of nitrogen from applied fertilizer;PB was divided for world population for each year ;;;62 TgN/yr;;8.4 kgN/cap;;;;7.41;;;;
Fanning, A. L., O’Neill, D. W., Hickel, J., & Roux, N. ;The social shortfall and ecological overshoot of nations.;2022;top down;equal share per capita;country;Uzbekistan;nitrogen;Consumption-based allocation of nitrogen from applied fertilizer;PB was divided for world population for each year ;;;62 TgN/yr;;8.4 kgN/cap;;;;0.67;;;;
Fanning, A. L., O’Neill, D. W., Hickel, J., & Roux, N. ;The social shortfall and ecological overshoot of nations.;2022;top down;equal share per capita;country;Venezuela, RB;nitrogen;Consumption-based allocation of nitrogen from applied fertilizer;PB was divided for world population for each year ;;;62 TgN/yr;;8.4 kgN/cap;;;;1.89;;;;
Fanning, A. L., O’Neill, D. W., Hickel, J., & Roux, N. ;The social shortfall and ecological overshoot of nations.;2022;top down;equal share per capita;country;Vietnam;nitrogen;Consumption-based allocation of nitrogen from applied fertilizer;PB was divided for world population for each year ;;;62 TgN/yr;;8.4 kgN/cap;;;;1.52;;;;
Fanning, A. L., O’Neill, D. W., Hickel, J., & Roux, N. ;The social shortfall and ecological overshoot of nations.;2022;top down;equal share per capita;country;West Bank and Gaza;nitrogen;Consumption-based allocation of nitrogen from applied fertilizer;PB was divided for world population for each year ;;;62 TgN/yr;;8.4 kgN/cap;;;;0;;;;
Fanning, A. L., O’Neill, D. W., Hickel, J., & Roux, N. ;The social shortfall and ecological overshoot of nations.;2022;top down;equal share per capita;country;Yemen, Rep.;nitrogen;Consumption-based allocation of nitrogen from applied fertilizer;PB was divided for world population for each year ;;;62 TgN/yr;;8.4 kgN/cap;;;;0.5;;;;
Fanning, A. L., O’Neill, D. W., Hickel, J., & Roux, N. ;The social shortfall and ecological overshoot of nations.;2022;top down;equal share per capita;country;Zambia;nitrogen;Consumption-based allocation of nitrogen from applied fertilizer;PB was divided for world population for each year ;;;62 TgN/yr;;8.4 kgN/cap;;;;0.59;;;;
Fanning, A. L., O’Neill, D. W., Hickel, J., & Roux, N. ;The social shortfall and ecological overshoot of nations.;2022;top down;equal share per capita;country;Zimbabwe;nitrogen;Consumption-based allocation of nitrogen from applied fertilizer;PB was divided for world population for each year ;;;62 TgN/yr;;8.4 kgN/cap;;;;NA;;;;
"Teah H.Y.; Akiyama T.; Carlos R.S.; Rayo O.V.; Khew Y.T.J.; Zhao S.; Zheng L.; Onuki M.";Assessment of downscaling planetary boundaries to semi-arid ecosystems with a local perception: A case study in the middle reaches of Heihe River;2016;bottom-up;in situ measurement;basin;Heihe River basing, china;Total nitrogen concentration in river;;Measuring concentrations at the Zhengyixia Hydrological Station, the exit point of the midstream;;;;2015;;1 mg/L;;1.49 mg/L;;;on-site test kit analysis;;
"Meng F.; Liao D.; Wang D.; Liu G.; Liang S.; Cristiano S.; Li X.; Yang Z.";A Consumption-Based Integrated Framework for Subnational Absolute Environmental Sustainability Management;2024;top down;distribution based on occupied land area;province;Chongqing;Nitrogen loss; amount of nitrogen discharged to water bodies and soil;;;;;2010;;38.23 kt;;574.67 kt;;;;;consumption-based environmentl footprint
"Meng F.; Liao D.; Wang D.; Liu G.; Liang S.; Cristiano S.; Li X.; Yang Z.";A Consumption-Based Integrated Framework for Subnational Absolute Environmental Sustainability Management;2024;top down;distribution based on occupied land area;province;Zhejiang;Nitrogen loss; amount of nitrogen discharged to water bodies and soil;;;;;2010;;48.98 kt;;934.10 kt;;;;;consumption-based environmentl footprint
"Meng F.; Liao D.; Wang D.; Liu G.; Liang S.; Cristiano S.; Li X.; Yang Z.";A Consumption-Based Integrated Framework for Subnational Absolute Environmental Sustainability Management;2024;top down;distribution based on occupied land area;province;Yunnan;Nitrogen loss; amount of nitrogen discharged to water bodies and soil;;;;;2010;;178.08 kt;;1097.12 kt;;;;;consumption-based environmentl footprint
"Meng F.; Liao D.; Wang D.; Liu G.; Liang S.; Cristiano S.; Li X.; Yang Z.";A Consumption-Based Integrated Framework for Subnational Absolute Environmental Sustainability Management;2024;top down;distribution based on occupied land area;province;Xinjiang;Nitrogen loss; amount of nitrogen discharged to water bodies and soil;;;;;2010;;773.73 kt;;553.50 kt;;;;;consumption-based environmentl footprint
"Meng F.; Liao D.; Wang D.; Liu G.; Liang S.; Cristiano S.; Li X.; Yang Z.";A Consumption-Based Integrated Framework for Subnational Absolute Environmental Sustainability Management;2024;top down;distribution based on occupied land area;province;Tianjin;Nitrogen loss; amount of nitrogen discharged to water bodies and soil;;;;;2010;;5.54 kt;;441.56 kt;;;;;consumption-based environmentl footprint
"Meng F.; Liao D.; Wang D.; Liu G.; Liang S.; Cristiano S.; Li X.; Yang Z.";A Consumption-Based Integrated Framework for Subnational Absolute Environmental Sustainability Management;2024;top down;distribution based on occupied land area;province;Taiwan;Nitrogen loss; amount of nitrogen discharged to water bodies and soil;;;;;2010;;16.71 kt;;319.79 kt;;;;;consumption-based environmentl footprint
"Meng F.; Liao D.; Wang D.; Liu G.; Liang S.; Cristiano S.; Li X.; Yang Z.";A Consumption-Based Integrated Framework for Subnational Absolute Environmental Sustainability Management;2024;top down;distribution based on occupied land area;province;Sichuan;Nitrogen loss; amount of nitrogen discharged to water bodies and soil;;;;;2010;;224.96 kt;;1249.61 kt;;;;;consumption-based environmentl footprint
"Meng F.; Liao D.; Wang D.; Liu G.; Liang S.; Cristiano S.; Li X.; Yang Z.";A Consumption-Based Integrated Framework for Subnational Absolute Environmental Sustainability Management;2024;top down;distribution based on occupied land area;province;Shanghai;Nitrogen loss; amount of nitrogen discharged to water bodies and soil;;;;;2010;;3.83 kt;;966.40 kt;;;;;consumption-based environmentl footprint
"Meng F.; Liao D.; Wang D.; Liu G.; Liang S.; Cristiano S.; Li X.; Yang Z.";A Consumption-Based Integrated Framework for Subnational Absolute Environmental Sustainability Management;2024;top down;distribution based on occupied land area;province;Shannxi;Nitrogen loss; amount of nitrogen discharged to water bodies and soil;;;;;2010;;95.64 kt;;1172.66 kt;;;;;consumption-based environmentl footprint
"Meng F.; Liao D.; Wang D.; Liu G.; Liang S.; Cristiano S.; Li X.; Yang Z.";A Consumption-Based Integrated Framework for Subnational Absolute Environmental Sustainability Management;2024;top down;distribution based on occupied land area;province;Shanxi;Nitrogen loss; amount of nitrogen discharged to water bodies and soil;;;;;2010;;72.83 kt;;694.45 kt;;;;;consumption-based environmentl footprint
"Meng F.; Liao D.; Wang D.; Liu G.; Liang S.; Cristiano S.; Li X.; Yang Z.";A Consumption-Based Integrated Framework for Subnational Absolute Environmental Sustainability Management;2024;top down;distribution based on occupied land area;province;Shandong;Nitrogen loss; amount of nitrogen discharged to water bodies and soil;;;;;2010;;73.021 kt;;2028.936 kt;;;;;consumption-based environmentl footprint
"Meng F.; Liao D.; Wang D.; Liu G.; Liang S.; Cristiano S.; Li X.; Yang Z.";A Consumption-Based Integrated Framework for Subnational Absolute Environmental Sustainability Management;2024;top down;distribution based on occupied land area;province;Qinghai;Nitrogen loss; amount of nitrogen discharged to water bodies and soil;;;;;2010;;333.44 kt;;122.61 kt;;;;;consumption-based environmentl footprint
"Meng F.; Liao D.; Wang D.; Liu G.; Liang S.; Cristiano S.; Li X.; Yang Z.";A Consumption-Based Integrated Framework for Subnational Absolute Environmental Sustainability Management;2024;top down;distribution based on occupied land area;province;Ningxia;Nitrogen loss; amount of nitrogen discharged to water bodies and soil;;;;;2010;;24.14 kt;;138.51 kt;;;;;consumption-based environmentl footprint
"Meng F.; Liao D.; Wang D.; Liu G.; Liang S.; Cristiano S.; Li X.; Yang Z.";A Consumption-Based Integrated Framework for Subnational Absolute Environmental Sustainability Management;2024;top down;distribution based on occupied land area;province;Inner Mongolia;Nitrogen loss; amount of nitrogen discharged to water bodies and soil;;;;;2010;;532.17 kt;;750.14 kt;;;;;consumption-based environmentl footprint
"Meng F.; Liao D.; Wang D.; Liu G.; Liang S.; Cristiano S.; Li X.; Yang Z.";A Consumption-Based Integrated Framework for Subnational Absolute Environmental Sustainability Management;2024;top down;distribution based on occupied land area;province;Liaoning;Nitrogen loss; amount of nitrogen discharged to water bodies and soil;;;;;2010;;68.81 kt;;830.91 kt;;;;;consumption-based environmentl footprint
"Meng F.; Liao D.; Wang D.; Liu G.; Liang S.; Cristiano S.; Li X.; Yang Z.";A Consumption-Based Integrated Framework for Subnational Absolute Environmental Sustainability Management;2024;top down;distribution based on occupied land area;province;Jiangxi;Nitrogen loss; amount of nitrogen discharged to water bodies and soil;;;;;2010;;77.56 kt;;549.67 kt;;;;;consumption-based environmentl footprint
"Meng F.; Liao D.; Wang D.; Liu G.; Liang S.; Cristiano S.; Li X.; Yang Z.";A Consumption-Based Integrated Framework for Subnational Absolute Environmental Sustainability Management;2024;top down;distribution based on occupied land area;province;Jiangsu;Nitrogen loss; amount of nitrogen discharged to water bodies and soil;;;;;2010;;49.61 kt;;1693.04 kt;;;;;consumption-based environmentl footprint
"Meng F.; Liao D.; Wang D.; Liu G.; Liang S.; Cristiano S.; Li X.; Yang Z.";A Consumption-Based Integrated Framework for Subnational Absolute Environmental Sustainability Management;2024;top down;distribution based on occupied land area;province;Jilin;Nitrogen loss; amount of nitrogen discharged to water bodies and soil;;;;;2010;;88.82 kt;;637.80 kt;;;;;consumption-based environmentl footprint
"Meng F.; Liao D.; Wang D.; Liu G.; Liang S.; Cristiano S.; Li X.; Yang Z.";A Consumption-Based Integrated Framework for Subnational Absolute Environmental Sustainability Management;2024;top down;distribution based on occupied land area;province;Hunan;Nitrogen loss; amount of nitrogen discharged to water bodies and soil;;;;;2010;;98.46 kt;;1042.70 kt;;;;;consumption-based environmentl footprint
"Meng F.; Liao D.; Wang D.; Liu G.; Liang S.; Cristiano S.; Li X.; Yang Z.";A Consumption-Based Integrated Framework for Subnational Absolute Environmental Sustainability Management;2024;top down;distribution based on occupied land area;province;Hubei;Nitrogen loss; amount of nitrogen discharged to water bodies and soil;;;;;2010;;86.39 kt;;1523.12 kt;;;;;consumption-based environmentl footprint
"Meng F.; Liao D.; Wang D.; Liu G.; Liang S.; Cristiano S.; Li X.; Yang Z.";A Consumption-Based Integrated Framework for Subnational Absolute Environmental Sustainability Management;2024;top down;distribution based on occupied land area;province;Heilongjiang;Nitrogen loss; amount of nitrogen discharged to water bodies and soil;;;;;2010;;210.36 kt;;697.90 kt;;;;;consumption-based environmentl footprint
"Meng F.; Liao D.; Wang D.; Liu G.; Liang S.; Cristiano S.; Li X.; Yang Z.";A Consumption-Based Integrated Framework for Subnational Absolute Environmental Sustainability Management;2024;top down;distribution based on occupied land area;province;Henan;Nitrogen loss; amount of nitrogen discharged to water bodies and soil;;;;;2010;;76.93 kt;;2384.07 kt;;;;;consumption-based environmentl footprint
"Meng F.; Liao D.; Wang D.; Liu G.; Liang S.; Cristiano S.; Li X.; Yang Z.";A Consumption-Based Integrated Framework for Subnational Absolute Environmental Sustainability Management;2024;top down;distribution based on occupied land area;province;Hebei;Nitrogen loss; amount of nitrogen discharged to water bodies and soil;;;;;2010;;87.57 kt;;1091.31 kt;;;;;consumption-based environmentl footprint
"Meng F.; Liao D.; Wang D.; Liu G.; Liang S.; Cristiano S.; Li X.; Yang Z.";A Consumption-Based Integrated Framework for Subnational Absolute Environmental Sustainability Management;2024;top down;distribution based on occupied land area;province;Hainan;Nitrogen loss; amount of nitrogen discharged to water bodies and soil;;;;;2010;;16.43 kt;;183.14 kt;;;;;consumption-based environmentl footprint
"Meng F.; Liao D.; Wang D.; Liu G.; Liang S.; Cristiano S.; Li X.; Yang Z.";A Consumption-Based Integrated Framework for Subnational Absolute Environmental Sustainability Management;2024;top down;distribution based on occupied land area;province;Guizhou;Nitrogen loss; amount of nitrogen discharged to water bodies and soil;;;;;2010;;81.86 kt;;476.10 kt;;;;;consumption-based environmentl footprint
"Meng F.; Liao D.; Wang D.; Liu G.; Liang S.; Cristiano S.; Li X.; Yang Z.";A Consumption-Based Integrated Framework for Subnational Absolute Environmental Sustainability Management;2024;top down;distribution based on occupied land area;province;Guangxi;Nitrogen loss; amount of nitrogen discharged to water bodies and soil;;;;;2010;;110.40 kt;;944.60 kt;;;;;consumption-based environmentl footprint
"Meng F.; Liao D.; Wang D.; Liu G.; Liang S.; Cristiano S.; Li X.; Yang Z.";A Consumption-Based Integrated Framework for Subnational Absolute Environmental Sustainability Management;2024;top down;distribution based on occupied land area;province;Guangdong;Nitrogen loss; amount of nitrogen discharged to water bodies and soil;;;;;2010;;83.564 kt;;1586.991 kt;;;;;consumption-based environmentl footprint
"Meng F.; Liao D.; Wang D.; Liu G.; Liang S.; Cristiano S.; Li X.; Yang Z.";A Consumption-Based Integrated Framework for Subnational Absolute Environmental Sustainability Management;2024;top down;distribution based on occupied land area;province;Gansu;Nitrogen loss; amount of nitrogen discharged to water bodies and soil;;;;;2010;;187.79 kt;;499.32 kt;;;;;consumption-based environmentl footprint
"Meng F.; Liao D.; Wang D.; Liu G.; Liang S.; Cristiano S.; Li X.; Yang Z.";A Consumption-Based Integrated Framework for Subnational Absolute Environmental Sustainability Management;2024;top down;distribution based on occupied land area;province;Fujian;Nitrogen loss; amount of nitrogen discharged to water bodies and soil;;;;;2010;;57.63 kt;;647.61 kt;;;;;consumption-based environmentl footprint
"Meng F.; Liao D.; Wang D.; Liu G.; Liang S.; Cristiano S.; Li X.; Yang Z.";A Consumption-Based Integrated Framework for Subnational Absolute Environmental Sustainability Management;2024;top down;distribution based on occupied land area;province;Beijing;Nitrogen loss; amount of nitrogen discharged to water bodies and soil;;;;;2010;;7.63 kt;;503.64 kt;;;;;consumption-based environmentl footprint
"Meng F.; Liao D.; Wang D.; Liu G.; Liang S.; Cristiano S.; Li X.; Yang Z.";A Consumption-Based Integrated Framework for Subnational Absolute Environmental Sustainability Management;2024;top down;distribution based on occupied land area;province;Anhui;Nitrogen loss; amount of nitrogen discharged to water bodies and soil;;;;;2010;;65.12 kt;;848.62 kt;;;;;consumption-based environmentl footprint
"Meng F.; Liao D.; Wang D.; Liu G.; Liang S.; Cristiano S.; Li X.; Yang Z.";A Consumption-Based Integrated Framework for Subnational Absolute Environmental Sustainability Management;2024;top down;distribution based on occupied land area;country;Australia;Nitrogen loss; amount of nitrogen discharged to water bodies and soil;;;;;2010;;3597.58 kt;;994.41 kt;;;;;consumption-based environmentl footprint
"Meng F.; Liao D.; Wang D.; Liu G.; Liang S.; Cristiano S.; Li X.; Yang Z.";A Consumption-Based Integrated Framework for Subnational Absolute Environmental Sustainability Management;2024;top down;distribution based on occupied land area;country;Austria;Nitrogen loss; amount of nitrogen discharged to water bodies and soil;;;;;2010;;38.98 kt;;185.92 kt;;;;;consumption-based environmentl footprint
"Meng F.; Liao D.; Wang D.; Liu G.; Liang S.; Cristiano S.; Li X.; Yang Z.";A Consumption-Based Integrated Framework for Subnational Absolute Environmental Sustainability Management;2024;top down;distribution based on occupied land area;country;Belgium;Nitrogen loss; amount of nitrogen discharged to water bodies and soil;;;;;2010;;14.19 kt;;245.88 kt;;;;;consumption-based environmentl footprint
"Meng F.; Liao D.; Wang D.; Liu G.; Liang S.; Cristiano S.; Li X.; Yang Z.";A Consumption-Based Integrated Framework for Subnational Absolute Environmental Sustainability Management;2024;top down;distribution based on occupied land area;country;Bulgaria;Nitrogen loss; amount of nitrogen discharged to water bodies and soil;;;;;2010;;51.59 kt;;150.99 kt;;;;;consumption-based environmentl footprint
"Meng F.; Liao D.; Wang D.; Liu G.; Liang S.; Cristiano S.; Li X.; Yang Z.";A Consumption-Based Integrated Framework for Subnational Absolute Environmental Sustainability Management;2024;top down;distribution based on occupied land area;country;Brazil;Nitrogen loss; amount of nitrogen discharged to water bodies and soil;;;;;2010;;3957.54 kt;;2849.29 kt;;;;;consumption-based environmentl footprint
"Meng F.; Liao D.; Wang D.; Liu G.; Liang S.; Cristiano S.; Li X.; Yang Z.";A Consumption-Based Integrated Framework for Subnational Absolute Environmental Sustainability Management;2024;top down;distribution based on occupied land area;country;Canada;Nitrogen loss; amount of nitrogen discharged to water bodies and soil;;;;;2010;;4640.18 kt;;1785.54 kt;;;;;consumption-based environmentl footprint
"Meng F.; Liao D.; Wang D.; Liu G.; Liang S.; Cristiano S.; Li X.; Yang Z.";A Consumption-Based Integrated Framework for Subnational Absolute Environmental Sustainability Management;2024;top down;distribution based on occupied land area;country;Cyprus;Nitrogen loss; amount of nitrogen discharged to water bodies and soil;;;;;2010;;4.30 kt;;16.69 kt;;;;;consumption-based environmentl footprint
"Meng F.; Liao D.; Wang D.; Liu G.; Liang S.; Cristiano S.; Li X.; Yang Z.";A Consumption-Based Integrated Framework for Subnational Absolute Environmental Sustainability Management;2024;top down;distribution based on occupied land area;country;Czech Republic;Nitrogen loss; amount of nitrogen discharged to water bodies and soil;;;;;2010;;36.65 kt;;214.49 kt;;;;;consumption-based environmentl footprint
"Meng F.; Liao D.; Wang D.; Liu G.; Liang S.; Cristiano S.; Li X.; Yang Z.";A Consumption-Based Integrated Framework for Subnational Absolute Environmental Sustainability Management;2024;top down;distribution based on occupied land area;country;Germany;Nitrogen loss; amount of nitrogen discharged to water bodies and soil;;;;;2010;;165.97 kt;;2116.05 kt;;;;;consumption-based environmentl footprint
"Meng F.; Liao D.; Wang D.; Liu G.; Liang S.; Cristiano S.; Li X.; Yang Z.";A Consumption-Based Integrated Framework for Subnational Absolute Environmental Sustainability Management;2024;top down;distribution based on occupied land area;country;Denmark;Nitrogen loss; amount of nitrogen discharged to water bodies and soil;;;;;2010;;20.03 kt;;153.51 kt;;;;;consumption-based environmentl footprint
"Meng F.; Liao D.; Wang D.; Liu G.; Liang S.; Cristiano S.; Li X.; Yang Z.";A Consumption-Based Integrated Framework for Subnational Absolute Environmental Sustainability Management;2024;top down;distribution based on occupied land area;country;Spain;Nitrogen loss; amount of nitrogen discharged to water bodies and soil;;;;;2010;;234.97 kt;;999.16 kt;;;;;consumption-based environmentl footprint
"Meng F.; Liao D.; Wang D.; Liu G.; Liang S.; Cristiano S.; Li X.; Yang Z.";A Consumption-Based Integrated Framework for Subnational Absolute Environmental Sustainability Management;2024;top down;distribution based on occupied land area;country;Estonia;Nitrogen loss; amount of nitrogen discharged to water bodies and soil;;;;;2010;;21.02 kt;;22.42 kt;;;;;consumption-based environmentl footprint
"Meng F.; Liao D.; Wang D.; Liu G.; Liang S.; Cristiano S.; Li X.; Yang Z.";A Consumption-Based Integrated Framework for Subnational Absolute Environmental Sustainability Management;2024;top down;distribution based on occupied land area;country;Finland;Nitrogen loss; amount of nitrogen discharged to water bodies and soil;;;;;2010;;157.27 kt;;191.48 kt;;;;;consumption-based environmentl footprint
"Meng F.; Liao D.; Wang D.; Liu G.; Liang S.; Cristiano S.; Li X.; Yang Z.";A Consumption-Based Integrated Framework for Subnational Absolute Environmental Sustainability Management;2024;top down;distribution based on occupied land area;country;France;Nitrogen loss; amount of nitrogen discharged to water bodies and soil;;;;;2010;;255.18 kt;;1880.45 kt;;;;;consumption-based environmentl footprint
"Meng F.; Liao D.; Wang D.; Liu G.; Liang S.; Cristiano S.; Li X.; Yang Z.";A Consumption-Based Integrated Framework for Subnational Absolute Environmental Sustainability Management;2024;top down;distribution based on occupied land area;country;United Kingdom;Nitrogen loss; amount of nitrogen discharged to water bodies and soil;;;;;2010;;113.21 kt;;1578.57 kt;;;;;consumption-based environmentl footprint
"Meng F.; Liao D.; Wang D.; Liu G.; Liang S.; Cristiano S.; Li X.; Yang Z.";A Consumption-Based Integrated Framework for Subnational Absolute Environmental Sustainability Management;2024;top down;distribution based on occupied land area;country;Greece;Nitrogen loss; amount of nitrogen discharged to water bodies and soil;;;;;2010;;61.33 kt;;279.58 kt;;;;;consumption-based environmentl footprint
"Meng F.; Liao D.; Wang D.; Liu G.; Liang S.; Cristiano S.; Li X.; Yang Z.";A Consumption-Based Integrated Framework for Subnational Absolute Environmental Sustainability Management;2024;top down;distribution based on occupied land area;country;Hungary;Nitrogen loss; amount of nitrogen discharged to water bodies and soil;;;;;2010;;43.23 kt;;198.65 kt;;;;;consumption-based environmentl footprint
"Meng F.; Liao D.; Wang D.; Liu G.; Liang S.; Cristiano S.; Li X.; Yang Z.";A Consumption-Based Integrated Framework for Subnational Absolute Environmental Sustainability Management;2024;top down;distribution based on occupied land area;country;Indonesia;Nitrogen loss; amount of nitrogen discharged to water bodies and soil;;;;;2010;;888.07 kt;;2710.11 kt;;;;;consumption-based environmentl footprint
"Meng F.; Liao D.; Wang D.; Liu G.; Liang S.; Cristiano S.; Li X.; Yang Z.";A Consumption-Based Integrated Framework for Subnational Absolute Environmental Sustainability Management;2024;top down;distribution based on occupied land area;country;India;Nitrogen loss; amount of nitrogen discharged to water bodies and soil;;;;;2010;;1527.69 kt;;15512.04 kt;;;;;consumption-based environmentl footprint
"Meng F.; Liao D.; Wang D.; Liu G.; Liang S.; Cristiano S.; Li X.; Yang Z.";A Consumption-Based Integrated Framework for Subnational Absolute Environmental Sustainability Management;2024;top down;distribution based on occupied land area;country;Ireland;Nitrogen loss; amount of nitrogen discharged to water bodies and soil;;;;;2010;;32.66 kt;;188.26 kt;;;;;consumption-based environmentl footprint
"Meng F.; Liao D.; Wang D.; Liu G.; Liang S.; Cristiano S.; Li X.; Yang Z.";A Consumption-Based Integrated Framework for Subnational Absolute Environmental Sustainability Management;2024;top down;distribution based on occupied land area;country;Italy;Nitrogen loss; amount of nitrogen discharged to water bodies and soil;;;;;2010;;140.04 kt;;939.37 kt;;;;;consumption-based environmentl footprint
"Meng F.; Liao D.; Wang D.; Liu G.; Liang S.; Cristiano S.; Li X.; Yang Z.";A Consumption-Based Integrated Framework for Subnational Absolute Environmental Sustainability Management;2024;top down;distribution based on occupied land area;country;Japan;Nitrogen loss; amount of nitrogen discharged to water bodies and soil;;;;;2010;;175.65 kt;;1591.46 kt;;;;;consumption-based environmentl footprint
"Meng F.; Liao D.; Wang D.; Liu G.; Liang S.; Cristiano S.; Li X.; Yang Z.";A Consumption-Based Integrated Framework for Subnational Absolute Environmental Sustainability Management;2024;top down;distribution based on occupied land area;country;South Korea;Nitrogen loss; amount of nitrogen discharged to water bodies and soil;;;;;2010;;46.49 kt;;575.74 kt;;;;;consumption-based environmentl footprint
"Meng F.; Liao D.; Wang D.; Liu G.; Liang S.; Cristiano S.; Li X.; Yang Z.";A Consumption-Based Integrated Framework for Subnational Absolute Environmental Sustainability Management;2024;top down;distribution based on occupied land area;country;Lithuania;Nitrogen loss; amount of nitrogen discharged to water bodies and soil;;;;;2010;;30.35 kt;;87.19 kt;;;;;consumption-based environmentl footprint
"Meng F.; Liao D.; Wang D.; Liu G.; Liang S.; Cristiano S.; Li X.; Yang Z.";A Consumption-Based Integrated Framework for Subnational Absolute Environmental Sustainability Management;2024;top down;distribution based on occupied land area;country;Luxembourg;Nitrogen loss; amount of nitrogen discharged to water bodies and soil;;;;;2010;;1.20 kt;;21.12 kt;;;;;consumption-based environmentl footprint
"Meng F.; Liao D.; Wang D.; Liu G.; Liang S.; Cristiano S.; Li X.; Yang Z.";A Consumption-Based Integrated Framework for Subnational Absolute Environmental Sustainability Management;2024;top down;distribution based on occupied land area;country;Latvia;Nitrogen loss; amount of nitrogen discharged to water bodies and soil;;;;;2010;;29.98 kt;;56.71 kt;;;;;consumption-based environmentl footprint
"Meng F.; Liao D.; Wang D.; Liu G.; Liang S.; Cristiano S.; Li X.; Yang Z.";A Consumption-Based Integrated Framework for Subnational Absolute Environmental Sustainability Management;2024;top down;distribution based on occupied land area;country;Mexico;Nitrogen loss; amount of nitrogen discharged to water bodies and soil;;;;;2010;;912.91 kt;;1361.94 kt;;;;;consumption-based environmentl footprint
"Meng F.; Liao D.; Wang D.; Liu G.; Liang S.; Cristiano S.; Li X.; Yang Z.";A Consumption-Based Integrated Framework for Subnational Absolute Environmental Sustainability Management;2024;top down;distribution based on occupied land area;country;Malta;Nitrogen loss; amount of nitrogen discharged to water bodies and soil;;;;;2010;;0.15 kt;;5.38 kt;;;;;consumption-based environmentl footprint
"Meng F.; Liao D.; Wang D.; Liu G.; Liang S.; Cristiano S.; Li X.; Yang Z.";A Consumption-Based Integrated Framework for Subnational Absolute Environmental Sustainability Management;2024;top down;distribution based on occupied land area;country;Netherlands;Nitrogen loss; amount of nitrogen discharged to water bodies and soil;;;;;2010;;19.30 kt;;334.01 kt;;;;;consumption-based environmentl footprint
"Meng F.; Liao D.; Wang D.; Liu G.; Liang S.; Cristiano S.; Li X.; Yang Z.";A Consumption-Based Integrated Framework for Subnational Absolute Environmental Sustainability Management;2024;top down;distribution based on occupied land area;country;Poland;Nitrogen loss; amount of nitrogen discharged to water bodies and soil;;;;;2010;;145.31 kt;;924.42 kt;;;;;consumption-based environmentl footprint
"Meng F.; Liao D.; Wang D.; Liu G.; Liang S.; Cristiano S.; Li X.; Yang Z.";A Consumption-Based Integrated Framework for Subnational Absolute Environmental Sustainability Management;2024;top down;distribution based on occupied land area;country;Portugal;Nitrogen loss; amount of nitrogen discharged to water bodies and soil;;;;;2010;;42.85 kt;;160.78 kt;;;;;consumption-based environmentl footprint
"Meng F.; Liao D.; Wang D.; Liu G.; Liang S.; Cristiano S.; Li X.; Yang Z.";A Consumption-Based Integrated Framework for Subnational Absolute Environmental Sustainability Management;2024;top down;distribution based on occupied land area;country;Romania;Nitrogen loss; amount of nitrogen discharged to water bodies and soil;;;;;2010;;110.79 kt;;334.01 kt;;;;;consumption-based environmentl footprint
"Meng F.; Liao D.; Wang D.; Liu G.; Liang S.; Cristiano S.; Li X.; Yang Z.";A Consumption-Based Integrated Framework for Subnational Absolute Environmental Sustainability Management;2024;top down;distribution based on occupied land area;country;Russian Federation;Nitrogen loss; amount of nitrogen discharged to water bodies and soil;;;;;2010;;7946.08 kt;;1634.54 kt;;;;;consumption-based environmentl footprint
"Meng F.; Liao D.; Wang D.; Liu G.; Liang S.; Cristiano S.; Li X.; Yang Z.";A Consumption-Based Integrated Framework for Subnational Absolute Environmental Sustainability Management;2024;top down;distribution based on occupied land area;country;Slovak Republic;Nitrogen loss; amount of nitrogen discharged to water bodies and soil;;;;;2010;;22.79 kt;;99.47 kt;;;;;consumption-based environmentl footprint
"Meng F.; Liao D.; Wang D.; Liu G.; Liang S.; Cristiano S.; Li X.; Yang Z.";A Consumption-Based Integrated Framework for Subnational Absolute Environmental Sustainability Management;2024;top down;distribution based on occupied land area;country;Slovenia;Nitrogen loss; amount of nitrogen discharged to water bodies and soil;;;;;2010;;9.42 kt;;39.42 kt;;;;;consumption-based environmentl footprint
"Meng F.; Liao D.; Wang D.; Liu G.; Liang S.; Cristiano S.; Li X.; Yang Z.";A Consumption-Based Integrated Framework for Subnational Absolute Environmental Sustainability Management;2024;top down;distribution based on occupied land area;country;Sweden;Nitrogen loss; amount of nitrogen discharged to water bodies and soil;;;;;2010;;209.27 kt;;220.33 kt;;;;;consumption-based environmentl footprint
"Meng F.; Liao D.; Wang D.; Liu G.; Liang S.; Cristiano S.; Li X.; Yang Z.";A Consumption-Based Integrated Framework for Subnational Absolute Environmental Sustainability Management;2024;top down;distribution based on occupied land area;country;Turkey;Nitrogen loss; amount of nitrogen discharged to water bodies and soil;;;;;2010;;364.98 kt;;1714.85 kt;;;;;consumption-based environmentl footprint
"Meng F.; Liao D.; Wang D.; Liu G.; Liang S.; Cristiano S.; Li X.; Yang Z.";A Consumption-Based Integrated Framework for Subnational Absolute Environmental Sustainability Management;2024;top down;distribution based on occupied land area;country;United States;Nitrogen loss; amount of nitrogen discharged to water bodies and soil;;;;;2010;;4569.01 kt;;11317.13 kt;;;;;consumption-based environmentl footprint
"Meng F.; Liao D.; Wang D.; Liu G.; Liang S.; Cristiano S.; Li X.; Yang Z.";A Consumption-Based Integrated Framework for Subnational Absolute Environmental Sustainability Management;2024;top down;equal share per capita;province;Chongqing;Nitrogen loss; amount of nitrogen discharged to water bodies and soil;;;;;2010;;297.86 kt;;574.67 kt;;;;;consumption-based environmentl footprint
"Meng F.; Liao D.; Wang D.; Liu G.; Liang S.; Cristiano S.; Li X.; Yang Z.";A Consumption-Based Integrated Framework for Subnational Absolute Environmental Sustainability Management;2024;top down;equal share per capita;province;Zhejiang;Nitrogen loss; amount of nitrogen discharged to water bodies and soil;;;;;2010;;491.21 kt;;934.10 kt;;;;;consumption-based environmentl footprint
"Meng F.; Liao D.; Wang D.; Liu G.; Liang S.; Cristiano S.; Li X.; Yang Z.";A Consumption-Based Integrated Framework for Subnational Absolute Environmental Sustainability Management;2024;top down;equal share per capita;province;Yunnan;Nitrogen loss; amount of nitrogen discharged to water bodies and soil;;;;;2010;;415.01 kt;;1097.12 kt;;;;;consumption-based environmentl footprint
"Meng F.; Liao D.; Wang D.; Liu G.; Liang S.; Cristiano S.; Li X.; Yang Z.";A Consumption-Based Integrated Framework for Subnational Absolute Environmental Sustainability Management;2024;top down;equal share per capita;province;Xinjiang;Nitrogen loss; amount of nitrogen discharged to water bodies and soil;;;;;2010;;197.04 kt;;553.50 kt;;;;;consumption-based environmentl footprint
"Meng F.; Liao D.; Wang D.; Liu G.; Liang S.; Cristiano S.; Li X.; Yang Z.";A Consumption-Based Integrated Framework for Subnational Absolute Environmental Sustainability Management;2024;top down;equal share per capita;province;Tianjin;Nitrogen loss; amount of nitrogen discharged to water bodies and soil;;;;;2010;;117.14 kt;;441.56 kt;;;;;consumption-based environmentl footprint
"Meng F.; Liao D.; Wang D.; Liu G.; Liang S.; Cristiano S.; Li X.; Yang Z.";A Consumption-Based Integrated Framework for Subnational Absolute Environmental Sustainability Management;2024;top down;equal share per capita;province;Taiwan;Nitrogen loss; amount of nitrogen discharged to water bodies and soil;;;;;2010;;209.22 kt;;319.79 kt;;;;;consumption-based environmentl footprint
"Meng F.; Liao D.; Wang D.; Liu G.; Liang S.; Cristiano S.; Li X.; Yang Z.";A Consumption-Based Integrated Framework for Subnational Absolute Environmental Sustainability Management;2024;top down;equal share per capita;province;Sichuan;Nitrogen loss; amount of nitrogen discharged to water bodies and soil;;;;;2010;;725.50 kt;;1249.61 kt;;;;;consumption-based environmentl footprint
"Meng F.; Liao D.; Wang D.; Liu G.; Liang S.; Cristiano S.; Li X.; Yang Z.";A Consumption-Based Integrated Framework for Subnational Absolute Environmental Sustainability Management;2024;top down;equal share per capita;province;Shanghai;Nitrogen loss; amount of nitrogen discharged to water bodies and soil;;;;;2010;;207.68 kt;;966.40 kt;;;;;consumption-based environmentl footprint
"Meng F.; Liao D.; Wang D.; Liu G.; Liang S.; Cristiano S.; Li X.; Yang Z.";A Consumption-Based Integrated Framework for Subnational Absolute Environmental Sustainability Management;2024;top down;equal share per capita;province;Shannxi;Nitrogen loss; amount of nitrogen discharged to water bodies and soil;;;;;2010;;336.82 kt;;1172.66 kt;;;;;consumption-based environmentl footprint
"Meng F.; Liao D.; Wang D.; Liu G.; Liang S.; Cristiano S.; Li X.; Yang Z.";A Consumption-Based Integrated Framework for Subnational Absolute Environmental Sustainability Management;2024;top down;equal share per capita;province;Shanxi;Nitrogen loss; amount of nitrogen discharged to water bodies and soil;;;;;2010;;322.30 kt;;694.45 kt;;;;;consumption-based environmentl footprint
"Meng F.; Liao D.; Wang D.; Liu G.; Liang S.; Cristiano S.; Li X.; Yang Z.";A Consumption-Based Integrated Framework for Subnational Absolute Environmental Sustainability Management;2024;top down;equal share per capita;province;Shandong;Nitrogen loss; amount of nitrogen discharged to water bodies and soil;;;;;2010;;864.64 kt;;2028.94 kt;;;;;consumption-based environmentl footprint
"Meng F.; Liao D.; Wang D.; Liu G.; Liang S.; Cristiano S.; Li X.; Yang Z.";A Consumption-Based Integrated Framework for Subnational Absolute Environmental Sustainability Management;2024;top down;equal share per capita;province;Qinghai;Nitrogen loss; amount of nitrogen discharged to water bodies and soil;;;;;2010;;50.77 kt;;122.61 kt;;;;;consumption-based environmentl footprint
"Meng F.; Liao D.; Wang D.; Liu G.; Liang S.; Cristiano S.; Li X.; Yang Z.";A Consumption-Based Integrated Framework for Subnational Absolute Environmental Sustainability Management;2024;top down;equal share per capita;province;Ningxia;Nitrogen loss; amount of nitrogen discharged to water bodies and soil;;;;;2010;;57.08 kt;;138.51 kt;;;;;consumption-based environmentl footprint
"Meng F.; Liao D.; Wang D.; Liu G.; Liang S.; Cristiano S.; Li X.; Yang Z.";A Consumption-Based Integrated Framework for Subnational Absolute Environmental Sustainability Management;2024;top down;equal share per capita;province;Inner Mongolia;Nitrogen loss; amount of nitrogen discharged to water bodies and soil;;;;;2010;;222.92 kt;;750.14 kt;;;;;consumption-based environmentl footprint
"Meng F.; Liao D.; Wang D.; Liu G.; Liang S.; Cristiano S.; Li X.; Yang Z.";A Consumption-Based Integrated Framework for Subnational Absolute Environmental Sustainability Management;2024;top down;equal share per capita;province;Liaoning;Nitrogen loss; amount of nitrogen discharged to water bodies and soil;;;;;2010;;394.54 kt;;830.91 kt;;;;;consumption-based environmentl footprint
"Meng F.; Liao D.; Wang D.; Liu G.; Liang S.; Cristiano S.; Li X.; Yang Z.";A Consumption-Based Integrated Framework for Subnational Absolute Environmental Sustainability Management;2024;top down;equal share per capita;province;Jiangxi;Nitrogen loss; amount of nitrogen discharged to water bodies and soil;;;;;2010;;402.38 kt;;549.67 kt;;;;;consumption-based environmentl footprint
"Meng F.; Liao D.; Wang D.; Liu G.; Liang S.; Cristiano S.; Li X.; Yang Z.";A Consumption-Based Integrated Framework for Subnational Absolute Environmental Sustainability Management;2024;top down;equal share per capita;province;Jiangsu;Nitrogen loss; amount of nitrogen discharged to water bodies and soil;;;;;2010;;709.62 kt;;1693.04 kt;;;;;consumption-based environmentl footprint
"Meng F.; Liao D.; Wang D.; Liu G.; Liang S.; Cristiano S.; Li X.; Yang Z.";A Consumption-Based Integrated Framework for Subnational Absolute Environmental Sustainability Management;2024;top down;equal share per capita;province;Jilin;Nitrogen loss; amount of nitrogen discharged to water bodies and soil;;;;;2010;;247.72 kt;;637.80 kt;;;;;consumption-based environmentl footprint
"Meng F.; Liao D.; Wang D.; Liu G.; Liang S.; Cristiano S.; Li X.; Yang Z.";A Consumption-Based Integrated Framework for Subnational Absolute Environmental Sustainability Management;2024;top down;equal share per capita;province;Hunan;Nitrogen loss; amount of nitrogen discharged to water bodies and soil;;;;;2010;;592.48 kt;;1042.70 kt;;;;;consumption-based environmentl footprint
"Meng F.; Liao D.; Wang D.; Liu G.; Liang S.; Cristiano S.; Li X.; Yang Z.";A Consumption-Based Integrated Framework for Subnational Absolute Environmental Sustainability Management;2024;top down;equal share per capita;province;Hubei;Nitrogen loss; amount of nitrogen discharged to water bodies and soil;;;;;2010;;516.55 kt;;1523.12 kt;;;;;consumption-based environmentl footprint
"Meng F.; Liao D.; Wang D.; Liu G.; Liang S.; Cristiano S.; Li X.; Yang Z.";A Consumption-Based Integrated Framework for Subnational Absolute Environmental Sustainability Management;2024;top down;equal share per capita;province;Heilongjiang;Nitrogen loss; amount of nitrogen discharged to water bodies and soil;;;;;2010;;345.66 kt;;697.90 kt;;;;;consumption-based environmentl footprint
"Meng F.; Liao D.; Wang D.; Liu G.; Liang S.; Cristiano S.; Li X.; Yang Z.";A Consumption-Based Integrated Framework for Subnational Absolute Environmental Sustainability Management;2024;top down;equal share per capita;province;Henan;Nitrogen loss; amount of nitrogen discharged to water bodies and soil;;;;;2010;;848.14 kt;;2384.07 kt;;;;;consumption-based environmentl footprint
"Meng F.; Liao D.; Wang D.; Liu G.; Liang S.; Cristiano S.; Li X.; Yang Z.";A Consumption-Based Integrated Framework for Subnational Absolute Environmental Sustainability Management;2024;top down;equal share per capita;province;Hebei;Nitrogen loss; amount of nitrogen discharged to water bodies and soil;;;;;2010;;648.75 kt;;1091.31 kt;;;;;consumption-based environmentl footprint
"Meng F.; Liao D.; Wang D.; Liu G.; Liang S.; Cristiano S.; Li X.; Yang Z.";A Consumption-Based Integrated Framework for Subnational Absolute Environmental Sustainability Management;2024;top down;equal share per capita;province;Hainan;Nitrogen loss; amount of nitrogen discharged to water bodies and soil;;;;;2010;;78.37 kt;;183.14 kt;;;;;consumption-based environmentl footprint
"Meng F.; Liao D.; Wang D.; Liu G.; Liang S.; Cristiano S.; Li X.; Yang Z.";A Consumption-Based Integrated Framework for Subnational Absolute Environmental Sustainability Management;2024;top down;equal share per capita;province;Guizhou;Nitrogen loss; amount of nitrogen discharged to water bodies and soil;;;;;2010;;313.74 kt;;476.10 kt;;;;;consumption-based environmentl footprint
"Meng F.; Liao D.; Wang D.; Liu G.; Liang S.; Cristiano S.; Li X.; Yang Z.";A Consumption-Based Integrated Framework for Subnational Absolute Environmental Sustainability Management;2024;top down;equal share per capita;province;Guangxi;Nitrogen loss; amount of nitrogen discharged to water bodies and soil;;;;;2010;;415.73 kt;;944.60 kt;;;;;consumption-based environmentl footprint
"Meng F.; Liao D.; Wang D.; Liu G.; Liang S.; Cristiano S.; Li X.; Yang Z.";A Consumption-Based Integrated Framework for Subnational Absolute Environmental Sustainability Management;2024;top down;equal share per capita;province;Guangdong;Nitrogen loss; amount of nitrogen discharged to water bodies and soil;;;;;2010;;941.57 kt;;1586.99 kt;;;;;consumption-based environmentl footprint
"Meng F.; Liao D.; Wang D.; Liu G.; Liang S.; Cristiano S.; Li X.; Yang Z.";A Consumption-Based Integrated Framework for Subnational Absolute Environmental Sustainability Management;2024;top down;equal share per capita;province;Gansu;Nitrogen loss; amount of nitrogen discharged to water bodies and soil;;;;;2010;;230.86 kt;;499.32 kt;;;;;consumption-based environmentl footprint
"Meng F.; Liao D.; Wang D.; Liu G.; Liang S.; Cristiano S.; Li X.; Yang Z.";A Consumption-Based Integrated Framework for Subnational Absolute Environmental Sustainability Management;2024;top down;equal share per capita;province;Fujian;Nitrogen loss; amount of nitrogen discharged to water bodies and soil;;;;;2010;;333.03 kt;;647.61 kt;;;;;consumption-based environmentl footprint
"Meng F.; Liao D.; Wang D.; Liu G.; Liang S.; Cristiano S.; Li X.; Yang Z.";A Consumption-Based Integrated Framework for Subnational Absolute Environmental Sustainability Management;2024;top down;equal share per capita;province;Beijing;Nitrogen loss; amount of nitrogen discharged to water bodies and soil;;;;;2010;;176.93 kt;;503.64 kt;;;;;consumption-based environmentl footprint
"Meng F.; Liao D.; Wang D.; Liu G.; Liang S.; Cristiano S.; Li X.; Yang Z.";A Consumption-Based Integrated Framework for Subnational Absolute Environmental Sustainability Management;2024;top down;equal share per capita;province;Anhui;Nitrogen loss; amount of nitrogen discharged to water bodies and soil;;;;;2010;;537.20 kt;;848.62 kt;;;;;consumption-based environmentl footprint
"Meng F.; Liao D.; Wang D.; Liu G.; Liang S.; Cristiano S.; Li X.; Yang Z.";A Consumption-Based Integrated Framework for Subnational Absolute Environmental Sustainability Management;2024;top down;equal share per capita;country;Australia;Nitrogen loss; amount of nitrogen discharged to water bodies and soil;;;;;2010;;201.34 kt;;994.41 kt;;;;;consumption-based environmentl footprint
"Meng F.; Liao D.; Wang D.; Liu G.; Liang S.; Cristiano S.; Li X.; Yang Z.";A Consumption-Based Integrated Framework for Subnational Absolute Environmental Sustainability Management;2024;top down;equal share per capita;country;Austria;Nitrogen loss; amount of nitrogen discharged to water bodies and soil;;;;;2010;;75.59 kt;;185.92 kt;;;;;consumption-based environmentl footprint
"Meng F.; Liao D.; Wang D.; Liu G.; Liang S.; Cristiano S.; Li X.; Yang Z.";A Consumption-Based Integrated Framework for Subnational Absolute Environmental Sustainability Management;2024;top down;equal share per capita;country;Belgium;Nitrogen loss; amount of nitrogen discharged to water bodies and soil;;;;;2010;;98.00 kt;;245.88 kt;;;;;consumption-based environmentl footprint
"Meng F.; Liao D.; Wang D.; Liu G.; Liang S.; Cristiano S.; Li X.; Yang Z.";A Consumption-Based Integrated Framework for Subnational Absolute Environmental Sustainability Management;2024;top down;equal share per capita;country;Bulgaria;Nitrogen loss; amount of nitrogen discharged to water bodies and soil;;;;;2010;;68.19 kt;;150.99 kt;;;;;consumption-based environmentl footprint
"Meng F.; Liao D.; Wang D.; Liu G.; Liang S.; Cristiano S.; Li X.; Yang Z.";A Consumption-Based Integrated Framework for Subnational Absolute Environmental Sustainability Management;2024;top down;equal share per capita;country;Brazil;Nitrogen loss; amount of nitrogen discharged to water bodies and soil;;;;;2010;;1758.02 kt;;2849.29 kt;;;;;consumption-based environmentl footprint
"Meng F.; Liao D.; Wang D.; Liu G.; Liang S.; Cristiano S.; Li X.; Yang Z.";A Consumption-Based Integrated Framework for Subnational Absolute Environmental Sustainability Management;2024;top down;equal share per capita;country;Canada;Nitrogen loss; amount of nitrogen discharged to water bodies and soil;;;;;2010;;308.18 kt;;1785.54 kt;;;;;consumption-based environmentl footprint
"Meng F.; Liao D.; Wang D.; Liu G.; Liang S.; Cristiano S.; Li X.; Yang Z.";A Consumption-Based Integrated Framework for Subnational Absolute Environmental Sustainability Management;2024;top down;equal share per capita;country;Cyprus;Nitrogen loss; amount of nitrogen discharged to water bodies and soil;;;;;2010;;7.94 kt;;16.69 kt;;;;;consumption-based environmentl footprint
"Meng F.; Liao D.; Wang D.; Liu G.; Liang S.; Cristiano S.; Li X.; Yang Z.";A Consumption-Based Integrated Framework for Subnational Absolute Environmental Sustainability Management;2024;top down;equal share per capita;country;Czech Republic;Nitrogen loss; amount of nitrogen discharged to water bodies and soil;;;;;2010;;95.00 kt;;214.49 kt;;;;;consumption-based environmentl footprint
"Meng F.; Liao D.; Wang D.; Liu G.; Liang S.; Cristiano S.; Li X.; Yang Z.";A Consumption-Based Integrated Framework for Subnational Absolute Environmental Sustainability Management;2024;top down;equal share per capita;country;Germany;Nitrogen loss; amount of nitrogen discharged to water bodies and soil;;;;;2010;;736.19 kt;;2116.05 kt;;;;;consumption-based environmentl footprint
"Meng F.; Liao D.; Wang D.; Liu G.; Liang S.; Cristiano S.; Li X.; Yang Z.";A Consumption-Based Integrated Framework for Subnational Absolute Environmental Sustainability Management;2024;top down;equal share per capita;country;Denmark;Nitrogen loss; amount of nitrogen discharged to water bodies and soil;;;;;2010;;50.19 kt;;153.51 kt;;;;;consumption-based environmentl footprint
"Meng F.; Liao D.; Wang D.; Liu G.; Liang S.; Cristiano S.; Li X.; Yang Z.";A Consumption-Based Integrated Framework for Subnational Absolute Environmental Sustainability Management;2024;top down;equal share per capita;country;Spain;Nitrogen loss; amount of nitrogen discharged to water bodies and soil;;;;;2010;;416.78 kt;;999.16 kt;;;;;consumption-based environmentl footprint
"Meng F.; Liao D.; Wang D.; Liu G.; Liang S.; Cristiano S.; Li X.; Yang Z.";A Consumption-Based Integrated Framework for Subnational Absolute Environmental Sustainability Management;2024;top down;equal share per capita;country;Estonia;Nitrogen loss; amount of nitrogen discharged to water bodies and soil;;;;;2010;;12.08 kt;;22.42 kt;;;;;consumption-based environmentl footprint
"Meng F.; Liao D.; Wang D.; Liu G.; Liang S.; Cristiano S.; Li X.; Yang Z.";A Consumption-Based Integrated Framework for Subnational Absolute Environmental Sustainability Management;2024;top down;equal share per capita;country;Finland;Nitrogen loss; amount of nitrogen discharged to water bodies and soil;;;;;2010;;48.36 kt;;191.48 kt;;;;;consumption-based environmentl footprint
"Meng F.; Liao D.; Wang D.; Liu G.; Liang S.; Cristiano S.; Li X.; Yang Z.";A Consumption-Based Integrated Framework for Subnational Absolute Environmental Sustainability Management;2024;top down;equal share per capita;country;France;Nitrogen loss; amount of nitrogen discharged to water bodies and soil;;;;;2010;;585.06 kt;;1880.45 kt;;;;;consumption-based environmentl footprint
"Meng F.; Liao D.; Wang D.; Liu G.; Liang S.; Cristiano S.; Li X.; Yang Z.";A Consumption-Based Integrated Framework for Subnational Absolute Environmental Sustainability Management;2024;top down;equal share per capita;country;United Kingdom;Nitrogen loss; amount of nitrogen discharged to water bodies and soil;;;;;2010;;561.34 kt;;1578.57 kt;;;;;consumption-based environmentl footprint
"Meng F.; Liao D.; Wang D.; Liu G.; Liang S.; Cristiano S.; Li X.; Yang Z.";A Consumption-Based Integrated Framework for Subnational Absolute Environmental Sustainability Management;2024;top down;equal share per capita;country;Greece;Nitrogen loss; amount of nitrogen discharged to water bodies and soil;;;;;2010;;102.16 kt;;279.58 kt;;;;;consumption-based environmentl footprint
"Meng F.; Liao D.; Wang D.; Liu G.; Liang S.; Cristiano S.; Li X.; Yang Z.";A Consumption-Based Integrated Framework for Subnational Absolute Environmental Sustainability Management;2024;top down;equal share per capita;country;Hungary;Nitrogen loss; amount of nitrogen discharged to water bodies and soil;;;;;2010;;90.22 kt;;198.65 kt;;;;;consumption-based environmentl footprint
"Meng F.; Liao D.; Wang D.; Liu G.; Liang S.; Cristiano S.; Li X.; Yang Z.";A Consumption-Based Integrated Framework for Subnational Absolute Environmental Sustainability Management;2024;top down;equal share per capita;country;Indonesia;Nitrogen loss; amount of nitrogen discharged to water bodies and soil;;;;;2010;;2096.83 kt;;2710.11 kt;;;;;consumption-based environmentl footprint
"Meng F.; Liao D.; Wang D.; Liu G.; Liang S.; Cristiano S.; Li X.; Yang Z.";A Consumption-Based Integrated Framework for Subnational Absolute Environmental Sustainability Management;2024;top down;equal share per capita;country;India;Nitrogen loss; amount of nitrogen discharged to water bodies and soil;;;;;2010;;10559.49 kt;;15512.04 kt;;;;;consumption-based environmentl footprint
"Meng F.; Liao D.; Wang D.; Liu G.; Liang S.; Cristiano S.; Li X.; Yang Z.";A Consumption-Based Integrated Framework for Subnational Absolute Environmental Sustainability Management;2024;top down;equal share per capita;country;Ireland;Nitrogen loss; amount of nitrogen discharged to water bodies and soil;;;;;2010;;40.14 kt;;188.26 kt;;;;;consumption-based environmentl footprint
"Meng F.; Liao D.; Wang D.; Liu G.; Liang S.; Cristiano S.; Li X.; Yang Z.";A Consumption-Based Integrated Framework for Subnational Absolute Environmental Sustainability Management;2024;top down;equal share per capita;country;Italy;Nitrogen loss; amount of nitrogen discharged to water bodies and soil;;;;;2010;;546.26 kt;;939.37 kt;;;;;consumption-based environmentl footprint
"Meng F.; Liao D.; Wang D.; Liu G.; Liang S.; Cristiano S.; Li X.; Yang Z.";A Consumption-Based Integrated Framework for Subnational Absolute Environmental Sustainability Management;2024;top down;equal share per capita;country;Japan;Nitrogen loss; amount of nitrogen discharged to water bodies and soil;;;;;2010;;1148.71 kt;;1591.46 kt;;;;;consumption-based environmentl footprint
"Meng F.; Liao D.; Wang D.; Liu G.; Liang S.; Cristiano S.; Li X.; Yang Z.";A Consumption-Based Integrated Framework for Subnational Absolute Environmental Sustainability Management;2024;top down;equal share per capita;country;South Korea;Nitrogen loss; amount of nitrogen discharged to water bodies and soil;;;;;2010;;440.75 kt;;575.74 kt;;;;;consumption-based environmentl footprint
"Meng F.; Liao D.; Wang D.; Liu G.; Liang S.; Cristiano S.; Li X.; Yang Z.";A Consumption-Based Integrated Framework for Subnational Absolute Environmental Sustainability Management;2024;top down;equal share per capita;country;Lithuania;Nitrogen loss; amount of nitrogen discharged to water bodies and soil;;;;;2010;;29.93 kt;;87.19 kt;;;;;consumption-based environmentl footprint
"Meng F.; Liao D.; Wang D.; Liu G.; Liang S.; Cristiano S.; Li X.; Yang Z.";A Consumption-Based Integrated Framework for Subnational Absolute Environmental Sustainability Management;2024;top down;equal share per capita;country;Luxembourg;Nitrogen loss; amount of nitrogen discharged to water bodies and soil;;;;;2010;;4.57 kt;;21.12 kt;;;;;consumption-based environmentl footprint
"Meng F.; Liao D.; Wang D.; Liu G.; Liang S.; Cristiano S.; Li X.; Yang Z.";A Consumption-Based Integrated Framework for Subnational Absolute Environmental Sustainability Management;2024;top down;equal share per capita;country;Latvia;Nitrogen loss; amount of nitrogen discharged to water bodies and soil;;;;;2010;;20.23 kt;;56.71 kt;;;;;consumption-based environmentl footprint
"Meng F.; Liao D.; Wang D.; Liu G.; Liang S.; Cristiano S.; Li X.; Yang Z.";A Consumption-Based Integrated Framework for Subnational Absolute Environmental Sustainability Management;2024;top down;equal share per capita;country;Mexico;Nitrogen loss; amount of nitrogen discharged to water bodies and soil;;;;;2010;;978.66 kt;;1361.94 kt;;;;;consumption-based environmentl footprint
"Meng F.; Liao D.; Wang D.; Liu G.; Liang S.; Cristiano S.; Li X.; Yang Z.";A Consumption-Based Integrated Framework for Subnational Absolute Environmental Sustainability Management;2024;top down;equal share per capita;country;Malta;Nitrogen loss; amount of nitrogen discharged to water bodies and soil;;;;;2010;;3.77 kt;;5.38 kt;;;;;consumption-based environmentl footprint
"Meng F.; Liao D.; Wang D.; Liu G.; Liang S.; Cristiano S.; Li X.; Yang Z.";A Consumption-Based Integrated Framework for Subnational Absolute Environmental Sustainability Management;2024;top down;equal share per capita;country;Netherlands;Nitrogen loss; amount of nitrogen discharged to water bodies and soil;;;;;2010;;149.91 kt;;334.01 kt;;;;;consumption-based environmentl footprint
"Meng F.; Liao D.; Wang D.; Liu G.; Liang S.; Cristiano S.; Li X.; Yang Z.";A Consumption-Based Integrated Framework for Subnational Absolute Environmental Sustainability Management;2024;top down;equal share per capita;country;Poland;Nitrogen loss; amount of nitrogen discharged to water bodies and soil;;;;;2010;;344.29 kt;;924.42 kt;;;;;consumption-based environmentl footprint
"Meng F.; Liao D.; Wang D.; Liu G.; Liang S.; Cristiano S.; Li X.; Yang Z.";A Consumption-Based Integrated Framework for Subnational Absolute Environmental Sustainability Management;2024;top down;equal share per capita;country;Portugal;Nitrogen loss; amount of nitrogen discharged to water bodies and soil;;;;;2010;;95.97 kt;;160.78 kt;;;;;consumption-based environmentl footprint
"Meng F.; Liao D.; Wang D.; Liu G.; Liang S.; Cristiano S.; Li X.; Yang Z.";A Consumption-Based Integrated Framework for Subnational Absolute Environmental Sustainability Management;2024;top down;equal share per capita;country;Romania;Nitrogen loss; amount of nitrogen discharged to water bodies and soil;;;;;2010;;193.44 kt;;334.01 kt;;;;;consumption-based environmentl footprint
"Meng F.; Liao D.; Wang D.; Liu G.; Liang S.; Cristiano S.; Li X.; Yang Z.";A Consumption-Based Integrated Framework for Subnational Absolute Environmental Sustainability Management;2024;top down;equal share per capita;country;Russian Federation;Nitrogen loss; amount of nitrogen discharged to water bodies and soil;;;;;2010;;1278.30 kt;;1634.54 kt;;;;;consumption-based environmentl footprint
"Meng F.; Liao D.; Wang D.; Liu G.; Liang S.; Cristiano S.; Li X.; Yang Z.";A Consumption-Based Integrated Framework for Subnational Absolute Environmental Sustainability Management;2024;top down;equal share per capita;country;Slovak Republic;Nitrogen loss; amount of nitrogen discharged to water bodies and soil;;;;;2010;;48.97 kt;;99.47 kt;;;;;consumption-based environmentl footprint
"Meng F.; Liao D.; Wang D.; Liu G.; Liang S.; Cristiano S.; Li X.; Yang Z.";A Consumption-Based Integrated Framework for Subnational Absolute Environmental Sustainability Management;2024;top down;equal share per capita;country;Slovenia;Nitrogen loss; amount of nitrogen discharged to water bodies and soil;;;;;2010;;18.62 kt;;39.42 kt;;;;;consumption-based environmentl footprint
"Meng F.; Liao D.; Wang D.; Liu G.; Liang S.; Cristiano S.; Li X.; Yang Z.";A Consumption-Based Integrated Framework for Subnational Absolute Environmental Sustainability Management;2024;top down;equal share per capita;country;Sweden;Nitrogen loss; amount of nitrogen discharged to water bodies and soil;;;;;2010;;84.71 kt;;220.33 kt;;;;;consumption-based environmentl footprint
"Meng F.; Liao D.; Wang D.; Liu G.; Liang S.; Cristiano S.; Li X.; Yang Z.";A Consumption-Based Integrated Framework for Subnational Absolute Environmental Sustainability Management;2024;top down;equal share per capita;country;Turkey;Nitrogen loss; amount of nitrogen discharged to water bodies and soil;;;;;2010;;682.71 kt;;1714.85 kt;;;;;consumption-based environmentl footprint
"Meng F.; Liao D.; Wang D.; Liu G.; Liang S.; Cristiano S.; Li X.; Yang Z.";A Consumption-Based Integrated Framework for Subnational Absolute Environmental Sustainability Management;2024;top down;equal share per capita;country;United States;Nitrogen loss; amount of nitrogen discharged to water bodies and soil;;;;;2010;;2792.97 kt;;11317.13 kt;;;;;consumption-based environmentl footprint
"Meng F.; Liao D.; Wang D.; Liu G.; Liang S.; Cristiano S.; Li X.; Yang Z.";A Consumption-Based Integrated Framework for Subnational Absolute Environmental Sustainability Management;2024;top down;GDP-based distribution;province;Chongqing;Nitrogen loss; amount of nitrogen discharged to water bodies and soil;;;;;2010;;118.03 kt;;574.67 kt;;;;;consumption-based environmentl footprint
"Meng F.; Liao D.; Wang D.; Liu G.; Liang S.; Cristiano S.; Li X.; Yang Z.";A Consumption-Based Integrated Framework for Subnational Absolute Environmental Sustainability Management;2024;top down;GDP-based distribution;province;Zhejiang;Nitrogen loss; amount of nitrogen discharged to water bodies and soil;;;;;2010;;412.85 kt;;934.10 kt;;;;;consumption-based environmentl footprint
"Meng F.; Liao D.; Wang D.; Liu G.; Liang S.; Cristiano S.; Li X.; Yang Z.";A Consumption-Based Integrated Framework for Subnational Absolute Environmental Sustainability Management;2024;top down;GDP-based distribution;province;Yunnan;Nitrogen loss; amount of nitrogen discharged to water bodies and soil;;;;;2010;;107.58 kt;;1097.12 kt;;;;;consumption-based environmentl footprint
"Meng F.; Liao D.; Wang D.; Liu G.; Liang S.; Cristiano S.; Li X.; Yang Z.";A Consumption-Based Integrated Framework for Subnational Absolute Environmental Sustainability Management;2024;top down;GDP-based distribution;province;Xinjiang;Nitrogen loss; amount of nitrogen discharged to water bodies and soil;;;;;2010;;80.98 kt;;553.50 kt;;;;;consumption-based environmentl footprint
"Meng F.; Liao D.; Wang D.; Liu G.; Liang S.; Cristiano S.; Li X.; Yang Z.";A Consumption-Based Integrated Framework for Subnational Absolute Environmental Sustainability Management;2024;top down;GDP-based distribution;province;Tianjin;Nitrogen loss; amount of nitrogen discharged to water bodies and soil;;;;;2010;;137.37 kt;;441.56 kt;;;;;consumption-based environmentl footprint
"Meng F.; Liao D.; Wang D.; Liu G.; Liang S.; Cristiano S.; Li X.; Yang Z.";A Consumption-Based Integrated Framework for Subnational Absolute Environmental Sustainability Management;2024;top down;GDP-based distribution;province;Taiwan;Nitrogen loss; amount of nitrogen discharged to water bodies and soil;;;;;2010;;435.02 kt;;319.79 kt;;;;;consumption-based environmentl footprint
"Meng F.; Liao D.; Wang D.; Liu G.; Liang S.; Cristiano S.; Li X.; Yang Z.";A Consumption-Based Integrated Framework for Subnational Absolute Environmental Sustainability Management;2024;top down;GDP-based distribution;province;Sichuan;Nitrogen loss; amount of nitrogen discharged to water bodies and soil;;;;;2010;;255.93 kt;;1249.61 kt;;;;;consumption-based environmentl footprint
"Meng F.; Liao D.; Wang D.; Liu G.; Liang S.; Cristiano S.; Li X.; Yang Z.";A Consumption-Based Integrated Framework for Subnational Absolute Environmental Sustainability Management;2024;top down;GDP-based distribution;province;Shanghai;Nitrogen loss; amount of nitrogen discharged to water bodies and soil;;;;;2010;;255.64 kt;;966.40 kt;;;;;consumption-based environmentl footprint
"Meng F.; Liao D.; Wang D.; Liu G.; Liang S.; Cristiano S.; Li X.; Yang Z.";A Consumption-Based Integrated Framework for Subnational Absolute Environmental Sustainability Management;2024;top down;GDP-based distribution;province;Shannxi;Nitrogen loss; amount of nitrogen discharged to water bodies and soil;;;;;2010;;150.76 kt;;1172.66 kt;;;;;consumption-based environmentl footprint
"Meng F.; Liao D.; Wang D.; Liu G.; Liang S.; Cristiano S.; Li X.; Yang Z.";A Consumption-Based Integrated Framework for Subnational Absolute Environmental Sustainability Management;2024;top down;GDP-based distribution;province;Shanxi;Nitrogen loss; amount of nitrogen discharged to water bodies and soil;;;;;2010;;137.02 kt;;694.45 kt;;;;;consumption-based environmentl footprint
"Meng F.; Liao D.; Wang D.; Liu G.; Liang S.; Cristiano S.; Li X.; Yang Z.";A Consumption-Based Integrated Framework for Subnational Absolute Environmental Sustainability Management;2024;top down;GDP-based distribution;province;Shandong;Nitrogen loss; amount of nitrogen discharged to water bodies and soil;;;;;2010;;583.329 kt;;2028.936 kt;;;;;consumption-based environmentl footprint
"Meng F.; Liao D.; Wang D.; Liu G.; Liang S.; Cristiano S.; Li X.; Yang Z.";A Consumption-Based Integrated Framework for Subnational Absolute Environmental Sustainability Management;2024;top down;GDP-based distribution;province;Qinghai;Nitrogen loss; amount of nitrogen discharged to water bodies and soil;;;;;2010;;20.11 kt;;122.61 kt;;;;;consumption-based environmentl footprint
"Meng F.; Liao D.; Wang D.; Liu G.; Liang S.; Cristiano S.; Li X.; Yang Z.";A Consumption-Based Integrated Framework for Subnational Absolute Environmental Sustainability Management;2024;top down;GDP-based distribution;province;Ningxia;Nitrogen loss; amount of nitrogen discharged to water bodies and soil;;;;;2010;;25.16 kt;;138.51 kt;;;;;consumption-based environmentl footprint
"Meng F.; Liao D.; Wang D.; Liu G.; Liang S.; Cristiano S.; Li X.; Yang Z.";A Consumption-Based Integrated Framework for Subnational Absolute Environmental Sustainability Management;2024;top down;GDP-based distribution;province;Inner Mongolia;Nitrogen loss; amount of nitrogen discharged to water bodies and soil;;;;;2010;;173.30 kt;;750.14 kt;;;;;consumption-based environmentl footprint
"Meng F.; Liao D.; Wang D.; Liu G.; Liang S.; Cristiano S.; Li X.; Yang Z.";A Consumption-Based Integrated Framework for Subnational Absolute Environmental Sustainability Management;2024;top down;GDP-based distribution;province;Liaoning;Nitrogen loss; amount of nitrogen discharged to water bodies and soil;;;;;2010;;274.87 kt;;830.91 kt;;;;;consumption-based environmentl footprint
"Meng F.; Liao D.; Wang D.; Liu G.; Liang S.; Cristiano S.; Li X.; Yang Z.";A Consumption-Based Integrated Framework for Subnational Absolute Environmental Sustainability Management;2024;top down;GDP-based distribution;province;Jiangxi;Nitrogen loss; amount of nitrogen discharged to water bodies and soil;;;;;2010;;140.75 kt;;549.67 kt;;;;;consumption-based environmentl footprint
"Meng F.; Liao D.; Wang D.; Liu G.; Liang S.; Cristiano S.; Li X.; Yang Z.";A Consumption-Based Integrated Framework for Subnational Absolute Environmental Sustainability Management;2024;top down;GDP-based distribution;province;Jiangsu;Nitrogen loss; amount of nitrogen discharged to water bodies and soil;;;;;2010;;616.92 kt;;1693.04 kt;;;;;consumption-based environmentl footprint
"Meng F.; Liao D.; Wang D.; Liu G.; Liang S.; Cristiano S.; Li X.; Yang Z.";A Consumption-Based Integrated Framework for Subnational Absolute Environmental Sustainability Management;2024;top down;GDP-based distribution;province;Jilin;Nitrogen loss; amount of nitrogen discharged to water bodies and soil;;;;;2010;;129.08 kt;;637.80 kt;;;;;consumption-based environmentl footprint
"Meng F.; Liao D.; Wang D.; Liu G.; Liang S.; Cristiano S.; Li X.; Yang Z.";A Consumption-Based Integrated Framework for Subnational Absolute Environmental Sustainability Management;2024;top down;GDP-based distribution;province;Hunan;Nitrogen loss; amount of nitrogen discharged to water bodies and soil;;;;;2010;;238.84 kt;;1042.70 kt;;;;;consumption-based environmentl footprint
"Meng F.; Liao D.; Wang D.; Liu G.; Liang S.; Cristiano S.; Li X.; Yang Z.";A Consumption-Based Integrated Framework for Subnational Absolute Environmental Sustainability Management;2024;top down;GDP-based distribution;province;Hubei;Nitrogen loss; amount of nitrogen discharged to water bodies and soil;;;;;2010;;237.79 kt;;1523.12 kt;;;;;consumption-based environmentl footprint
"Meng F.; Liao D.; Wang D.; Liu G.; Liang S.; Cristiano S.; Li X.; Yang Z.";A Consumption-Based Integrated Framework for Subnational Absolute Environmental Sustainability Management;2024;top down;GDP-based distribution;province;Heilongjiang;Nitrogen loss; amount of nitrogen discharged to water bodies and soil;;;;;2010;;154.41 kt;;697.90 kt;;;;;consumption-based environmentl footprint
"Meng F.; Liao D.; Wang D.; Liu G.; Liang S.; Cristiano S.; Li X.; Yang Z.";A Consumption-Based Integrated Framework for Subnational Absolute Environmental Sustainability Management;2024;top down;GDP-based distribution;province;Henan;Nitrogen loss; amount of nitrogen discharged to water bodies and soil;;;;;2010;;343.90 kt;;2384.07 kt;;;;;consumption-based environmentl footprint
"Meng F.; Liao D.; Wang D.; Liu G.; Liang S.; Cristiano S.; Li X.; Yang Z.";A Consumption-Based Integrated Framework for Subnational Absolute Environmental Sustainability Management;2024;top down;GDP-based distribution;province;Hebei;Nitrogen loss; amount of nitrogen discharged to water bodies and soil;;;;;2010;;303.72 kt;;1091.31 kt;;;;;consumption-based environmentl footprint
"Meng F.; Liao D.; Wang D.; Liu G.; Liang S.; Cristiano S.; Li X.; Yang Z.";A Consumption-Based Integrated Framework for Subnational Absolute Environmental Sustainability Management;2024;top down;GDP-based distribution;province;Hainan;Nitrogen loss; amount of nitrogen discharged to water bodies and soil;;;;;2010;;30.75 kt;;183.14 kt;;;;;consumption-based environmentl footprint
"Meng F.; Liao D.; Wang D.; Liu G.; Liang S.; Cristiano S.; Li X.; Yang Z.";A Consumption-Based Integrated Framework for Subnational Absolute Environmental Sustainability Management;2024;top down;GDP-based distribution;province;Guizhou;Nitrogen loss; amount of nitrogen discharged to water bodies and soil;;;;;2010;;68.54 kt;;476.10 kt;;;;;consumption-based environmentl footprint
"Meng F.; Liao D.; Wang D.; Liu G.; Liang S.; Cristiano S.; Li X.; Yang Z.";A Consumption-Based Integrated Framework for Subnational Absolute Environmental Sustainability Management;2024;top down;GDP-based distribution;province;Guangxi;Nitrogen loss; amount of nitrogen discharged to water bodies and soil;;;;;2010;;142.52 kt;;944.60 kt;;;;;consumption-based environmentl footprint
"Meng F.; Liao D.; Wang D.; Liu G.; Liang S.; Cristiano S.; Li X.; Yang Z.";A Consumption-Based Integrated Framework for Subnational Absolute Environmental Sustainability Management;2024;top down;GDP-based distribution;province;Guangdong;Nitrogen loss; amount of nitrogen discharged to water bodies and soil;;;;;2010;;685.238 kt;;1586.991 kt;;;;;consumption-based environmentl footprint
"Meng F.; Liao D.; Wang D.; Liu G.; Liang S.; Cristiano S.; Li X.; Yang Z.";A Consumption-Based Integrated Framework for Subnational Absolute Environmental Sustainability Management;2024;top down;GDP-based distribution;province;Gansu;Nitrogen loss; amount of nitrogen discharged to water bodies and soil;;;;;2010;;61.37 kt;;499.32 kt;;;;;consumption-based environmentl footprint
"Meng F.; Liao D.; Wang D.; Liu G.; Liang S.; Cristiano S.; Li X.; Yang Z.";A Consumption-Based Integrated Framework for Subnational Absolute Environmental Sustainability Management;2024;top down;GDP-based distribution;province;Fujian;Nitrogen loss; amount of nitrogen discharged to water bodies and soil;;;;;2010;;219.47 kt;;647.61 kt;;;;;consumption-based environmentl footprint
"Meng F.; Liao D.; Wang D.; Liu G.; Liang S.; Cristiano S.; Li X.; Yang Z.";A Consumption-Based Integrated Framework for Subnational Absolute Environmental Sustainability Management;2024;top down;GDP-based distribution;province;Beijing;Nitrogen loss; amount of nitrogen discharged to water bodies and soil;;;;;2010;;210.18 kt;;503.64 kt;;;;;consumption-based environmentl footprint
"Meng F.; Liao D.; Wang D.; Liu G.; Liang S.; Cristiano S.; Li X.; Yang Z.";A Consumption-Based Integrated Framework for Subnational Absolute Environmental Sustainability Management;2024;top down;GDP-based distribution;province;Anhui;Nitrogen loss; amount of nitrogen discharged to water bodies and soil;;;;;2010;;184.06 kt;;848.62 kt;;;;;consumption-based environmentl footprint
"Meng F.; Liao D.; Wang D.; Liu G.; Liang S.; Cristiano S.; Li X.; Yang Z.";A Consumption-Based Integrated Framework for Subnational Absolute Environmental Sustainability Management;2024;top down;GDP-based distribution;country;Australia;Nitrogen loss; amount of nitrogen discharged to water bodies and soil;;;;;2010;;1217.88 kt;;994.41 kt;;;;;consumption-based environmentl footprint
"Meng F.; Liao D.; Wang D.; Liu G.; Liang S.; Cristiano S.; Li X.; Yang Z.";A Consumption-Based Integrated Framework for Subnational Absolute Environmental Sustainability Management;2024;top down;GDP-based distribution;country;Austria;Nitrogen loss; amount of nitrogen discharged to water bodies and soil;;;;;2010;;350.08 kt;;185.92 kt;;;;;consumption-based environmentl footprint
"Meng F.; Liao D.; Wang D.; Liu G.; Liang S.; Cristiano S.; Li X.; Yang Z.";A Consumption-Based Integrated Framework for Subnational Absolute Environmental Sustainability Management;2024;top down;GDP-based distribution;country;Belgium;Nitrogen loss; amount of nitrogen discharged to water bodies and soil;;;;;2010;;435.79 kt;;245.88 kt;;;;;consumption-based environmentl footprint
"Meng F.; Liao D.; Wang D.; Liu G.; Liang S.; Cristiano S.; Li X.; Yang Z.";A Consumption-Based Integrated Framework for Subnational Absolute Environmental Sustainability Management;2024;top down;GDP-based distribution;country;Bulgaria;Nitrogen loss; amount of nitrogen discharged to water bodies and soil;;;;;2010;;43.66 kt;;150.99 kt;;;;;consumption-based environmentl footprint
"Meng F.; Liao D.; Wang D.; Liu G.; Liang S.; Cristiano S.; Li X.; Yang Z.";A Consumption-Based Integrated Framework for Subnational Absolute Environmental Sustainability Management;2024;top down;GDP-based distribution;country;Brazil;Nitrogen loss; amount of nitrogen discharged to water bodies and soil;;;;;2010;;1890.39 kt;;2849.29 kt;;;;;consumption-based environmentl footprint
"Meng F.; Liao D.; Wang D.; Liu G.; Liang S.; Cristiano S.; Li X.; Yang Z.";A Consumption-Based Integrated Framework for Subnational Absolute Environmental Sustainability Management;2024;top down;GDP-based distribution;country;Canada;Nitrogen loss; amount of nitrogen discharged to water bodies and soil;;;;;2010;;1528.86 kt;;1785.54 kt;;;;;consumption-based environmentl footprint
"Meng F.; Liao D.; Wang D.; Liu G.; Liang S.; Cristiano S.; Li X.; Yang Z.";A Consumption-Based Integrated Framework for Subnational Absolute Environmental Sustainability Management;2024;top down;GDP-based distribution;country;Cyprus;Nitrogen loss; amount of nitrogen discharged to water bodies and soil;;;;;2010;;23.25 kt;;16.69 kt;;;;;consumption-based environmentl footprint
"Meng F.; Liao D.; Wang D.; Liu G.; Liang S.; Cristiano S.; Li X.; Yang Z.";A Consumption-Based Integrated Framework for Subnational Absolute Environmental Sustainability Management;2024;top down;GDP-based distribution;country;Czech Republic;Nitrogen loss; amount of nitrogen discharged to water bodies and soil;;;;;2010;;189.30 kt;;214.49 kt;;;;;consumption-based environmentl footprint
"Meng F.; Liao D.; Wang D.; Liu G.; Liang S.; Cristiano S.; Li X.; Yang Z.";A Consumption-Based Integrated Framework for Subnational Absolute Environmental Sustainability Management;2024;top down;GDP-based distribution;country;Germany;Nitrogen loss; amount of nitrogen discharged to water bodies and soil;;;;;2010;;3098.54 kt;;2116.05 kt;;;;;consumption-based environmentl footprint
"Meng F.; Liao D.; Wang D.; Liu G.; Liang S.; Cristiano S.; Li X.; Yang Z.";A Consumption-Based Integrated Framework for Subnational Absolute Environmental Sustainability Management;2024;top down;GDP-based distribution;country;Denmark;Nitrogen loss; amount of nitrogen discharged to water bodies and soil;;;;;2010;;278.05 kt;;153.51 kt;;;;;consumption-based environmentl footprint
"Meng F.; Liao D.; Wang D.; Liu G.; Liang S.; Cristiano S.; Li X.; Yang Z.";A Consumption-Based Integrated Framework for Subnational Absolute Environmental Sustainability Management;2024;top down;GDP-based distribution;country;Spain;Nitrogen loss; amount of nitrogen discharged to water bodies and soil;;;;;2010;;1321.14 kt;;999.16 kt;;;;;consumption-based environmentl footprint
"Meng F.; Liao D.; Wang D.; Liu G.; Liang S.; Cristiano S.; Li X.; Yang Z.";A Consumption-Based Integrated Framework for Subnational Absolute Environmental Sustainability Management;2024;top down;GDP-based distribution;country;Estonia;Nitrogen loss; amount of nitrogen discharged to water bodies and soil;;;;;2010;;17.19 kt;;22.42 kt;;;;;consumption-based environmentl footprint
"Meng F.; Liao D.; Wang D.; Liu G.; Liang S.; Cristiano S.; Li X.; Yang Z.";A Consumption-Based Integrated Framework for Subnational Absolute Environmental Sustainability Management;2024;top down;GDP-based distribution;country;Finland;Nitrogen loss; amount of nitrogen discharged to water bodies and soil;;;;;2010;;218.37 kt;;191.48 kt;;;;;consumption-based environmentl footprint
"Meng F.; Liao D.; Wang D.; Liu G.; Liang S.; Cristiano S.; Li X.; Yang Z.";A Consumption-Based Integrated Framework for Subnational Absolute Environmental Sustainability Management;2024;top down;GDP-based distribution;country;France;Nitrogen loss; amount of nitrogen discharged to water bodies and soil;;;;;2010;;2403.61 kt;;1880.45 kt;;;;;consumption-based environmentl footprint
"Meng F.; Liao D.; Wang D.; Liu G.; Liang S.; Cristiano S.; Li X.; Yang Z.";A Consumption-Based Integrated Framework for Subnational Absolute Environmental Sustainability Management;2024;top down;GDP-based distribution;country;United Kingdom;Nitrogen loss; amount of nitrogen discharged to water bodies and soil;;;;;2010;;2175.58 kt;;1578.57 kt;;;;;consumption-based environmentl footprint
"Meng F.; Liao D.; Wang D.; Liu G.; Liang S.; Cristiano S.; Li X.; Yang Z.";A Consumption-Based Integrated Framework for Subnational Absolute Environmental Sustainability Management;2024;top down;GDP-based distribution;country;Greece;Nitrogen loss; amount of nitrogen discharged to water bodies and soil;;;;;2010;;266.44 kt;;279.58 kt;;;;;consumption-based environmentl footprint
"Meng F.; Liao D.; Wang D.; Liu G.; Liang S.; Cristiano S.; Li X.; Yang Z.";A Consumption-Based Integrated Framework for Subnational Absolute Environmental Sustainability Management;2024;top down;GDP-based distribution;country;Hungary;Nitrogen loss; amount of nitrogen discharged to water bodies and soil;;;;;2010;;111.17 kt;;198.65 kt;;;;;consumption-based environmentl footprint
"Meng F.; Liao D.; Wang D.; Liu G.; Liang S.; Cristiano S.; Li X.; Yang Z.";A Consumption-Based Integrated Framework for Subnational Absolute Environmental Sustainability Management;2024;top down;GDP-based distribution;country;Indonesia;Nitrogen loss; amount of nitrogen discharged to water bodies and soil;;;;;2010;;740.34 kt;;2710.11 kt;;;;;consumption-based environmentl footprint
"Meng F.; Liao D.; Wang D.; Liu G.; Liang S.; Cristiano S.; Li X.; Yang Z.";A Consumption-Based Integrated Framework for Subnational Absolute Environmental Sustainability Management;2024;top down;GDP-based distribution;country;India;Nitrogen loss; amount of nitrogen discharged to water bodies and soil;;;;;2010;;1629.45 kt;;15512.04 kt;;;;;consumption-based environmentl footprint
"Meng F.; Liao D.; Wang D.; Liu G.; Liang S.; Cristiano S.; Li X.; Yang Z.";A Consumption-Based Integrated Framework for Subnational Absolute Environmental Sustainability Management;2024;top down;GDP-based distribution;country;Ireland;Nitrogen loss; amount of nitrogen discharged to water bodies and soil;;;;;2010;;202.10 kt;;188.26 kt;;;;;consumption-based environmentl footprint
"Meng F.; Liao D.; Wang D.; Liu G.; Liang S.; Cristiano S.; Li X.; Yang Z.";A Consumption-Based Integrated Framework for Subnational Absolute Environmental Sustainability Management;2024;top down;GDP-based distribution;country;Italy;Nitrogen loss; amount of nitrogen discharged to water bodies and soil;;;;;2010;;1927.74 kt;;939.37 kt;;;;;consumption-based environmentl footprint
"Meng F.; Liao D.; Wang D.; Liu G.; Liang S.; Cristiano S.; Li X.; Yang Z.";A Consumption-Based Integrated Framework for Subnational Absolute Environmental Sustainability Management;2024;top down;GDP-based distribution;country;Japan;Nitrogen loss; amount of nitrogen discharged to water bodies and soil;;;;;2010;;5447.73 kt;;1591.46 kt;;;;;consumption-based environmentl footprint
"Meng F.; Liao D.; Wang D.; Liu G.; Liang S.; Cristiano S.; Li X.; Yang Z.";A Consumption-Based Integrated Framework for Subnational Absolute Environmental Sustainability Management;2024;top down;GDP-based distribution;country;South Korea;Nitrogen loss; amount of nitrogen discharged to water bodies and soil;;;;;2010;;997.85 kt;;575.74 kt;;;;;consumption-based environmentl footprint
"Meng F.; Liao D.; Wang D.; Liu G.; Liang S.; Cristiano S.; Li X.; Yang Z.";A Consumption-Based Integrated Framework for Subnational Absolute Environmental Sustainability Management;2024;top down;GDP-based distribution;country;Lithuania;Nitrogen loss; amount of nitrogen discharged to water bodies and soil;;;;;2010;;33.64 kt;;87.19 kt;;;;;consumption-based environmentl footprint
"Meng F.; Liao D.; Wang D.; Liu G.; Liang S.; Cristiano S.; Li X.; Yang Z.";A Consumption-Based Integrated Framework for Subnational Absolute Environmental Sustainability Management;2024;top down;GDP-based distribution;country;Luxembourg;Nitrogen loss; amount of nitrogen discharged to water bodies and soil;;;;;2010;;47.62 kt;;21.12 kt;;;;;consumption-based environmentl footprint
"Meng F.; Liao D.; Wang D.; Liu G.; Liang S.; Cristiano S.; Li X.; Yang Z.";A Consumption-Based Integrated Framework for Subnational Absolute Environmental Sustainability Management;2024;top down;GDP-based distribution;country;Latvia;Nitrogen loss; amount of nitrogen discharged to water bodies and soil;;;;;2010;;21.21 kt;;56.71 kt;;;;;consumption-based environmentl footprint
"Meng F.; Liao D.; Wang D.; Liu G.; Liang S.; Cristiano S.; Li X.; Yang Z.";A Consumption-Based Integrated Framework for Subnational Absolute Environmental Sustainability Management;2024;top down;GDP-based distribution;country;Mexico;Nitrogen loss; amount of nitrogen discharged to water bodies and soil;;;;;2010;;1014.00 kt;;1361.94 kt;;;;;consumption-based environmentl footprint
"Meng F.; Liao D.; Wang D.; Liu G.; Liang S.; Cristiano S.; Li X.; Yang Z.";A Consumption-Based Integrated Framework for Subnational Absolute Environmental Sustainability Management;2024;top down;GDP-based distribution;country;Malta;Nitrogen loss; amount of nitrogen discharged to water bodies and soil;;;;;2010;;7.69 kt;;5.38 kt;;;;;consumption-based environmentl footprint
"Meng F.; Liao D.; Wang D.; Liu G.; Liang S.; Cristiano S.; Li X.; Yang Z.";A Consumption-Based Integrated Framework for Subnational Absolute Environmental Sustainability Management;2024;top down;GDP-based distribution;country;Netherlands;Nitrogen loss; amount of nitrogen discharged to water bodies and soil;;;;;2010;;757.73 kt;;334.01 kt;;;;;consumption-based environmentl footprint
"Meng F.; Liao D.; Wang D.; Liu G.; Liang S.; Cristiano S.; Li X.; Yang Z.";A Consumption-Based Integrated Framework for Subnational Absolute Environmental Sustainability Management;2024;top down;GDP-based distribution;country;Poland;Nitrogen loss; amount of nitrogen discharged to water bodies and soil;;;;;2010;;423.81 kt;;924.42 kt;;;;;consumption-based environmentl footprint
"Meng F.; Liao D.; Wang D.; Liu G.; Liang S.; Cristiano S.; Li X.; Yang Z.";A Consumption-Based Integrated Framework for Subnational Absolute Environmental Sustainability Management;2024;top down;GDP-based distribution;country;Portugal;Nitrogen loss; amount of nitrogen discharged to water bodies and soil;;;;;2010;;211.30 kt;;160.78 kt;;;;;consumption-based environmentl footprint
"Meng F.; Liao D.; Wang D.; Liu G.; Liang S.; Cristiano S.; Li X.; Yang Z.";A Consumption-Based Integrated Framework for Subnational Absolute Environmental Sustainability Management;2024;top down;GDP-based distribution;country;Romania;Nitrogen loss; amount of nitrogen discharged to water bodies and soil;;;;;2010;;151.14 kt;;334.01 kt;;;;;consumption-based environmentl footprint
"Meng F.; Liao D.; Wang D.; Liu G.; Liang S.; Cristiano S.; Li X.; Yang Z.";A Consumption-Based Integrated Framework for Subnational Absolute Environmental Sustainability Management;2024;top down;GDP-based distribution;country;Russian Federation;Nitrogen loss; amount of nitrogen discharged to water bodies and soil;;;;;2010;;1305.14 kt;;1634.54 kt;;;;;consumption-based environmentl footprint
"Meng F.; Liao D.; Wang D.; Liu G.; Liang S.; Cristiano S.; Li X.; Yang Z.";A Consumption-Based Integrated Framework for Subnational Absolute Environmental Sustainability Management;2024;top down;GDP-based distribution;country;Slovak Republic;Nitrogen loss; amount of nitrogen discharged to water bodies and soil;;;;;2010;;81.95 kt;;99.47 kt;;;;;consumption-based environmentl footprint
"Meng F.; Liao D.; Wang D.; Liu G.; Liang S.; Cristiano S.; Li X.; Yang Z.";A Consumption-Based Integrated Framework for Subnational Absolute Environmental Sustainability Management;2024;top down;GDP-based distribution;country;Slovenia;Nitrogen loss; amount of nitrogen discharged to water bodies and soil;;;;;2010;;42.15 kt;;39.42 kt;;;;;consumption-based environmentl footprint
"Meng F.; Liao D.; Wang D.; Liu G.; Liang S.; Cristiano S.; Li X.; Yang Z.";A Consumption-Based Integrated Framework for Subnational Absolute Environmental Sustainability Management;2024;top down;GDP-based distribution;country;Sweden;Nitrogen loss; amount of nitrogen discharged to water bodies and soil;;;;;2010;;433.15 kt;;220.33 kt;;;;;consumption-based environmentl footprint
"Meng F.; Liao D.; Wang D.; Liu G.; Liang S.; Cristiano S.; Li X.; Yang Z.";A Consumption-Based Integrated Framework for Subnational Absolute Environmental Sustainability Management;2024;top down;GDP-based distribution;country;Turkey;Nitrogen loss; amount of nitrogen discharged to water bodies and soil;;;;;2010;;657.36 kt;;1714.85 kt;;;;;consumption-based environmentl footprint
"Meng F.; Liao D.; Wang D.; Liu G.; Liang S.; Cristiano S.; Li X.; Yang Z.";A Consumption-Based Integrated Framework for Subnational Absolute Environmental Sustainability Management;2024;top down;GDP-based distribution;country;United States;Nitrogen loss; amount of nitrogen discharged to water bodies and soil;;;;;2010;;15064.88 kt;;11317.13 kt;;;;;consumption-based environmentl footprint
